name,model,M,mse,z,t0,amplitude,mwebv,mwr_v,max_mag
SNAD101,nugent-sn2n,-21.70635767370669,7.98351943630085e-10,0.2960342814800027,58342.692197397315,7.998089558429068e-09,0.04,3.1,19.28441
SNAD101,nugent-sn1a,-21.732170417115185,8.148848946379879e-10,0.29910894378014413,58337.68307931355,1.0436783331272446e-08,0.04,3.1,19.28441
SNAD101,nugent-sn1bc,-20.883537857425296,8.376446213926561e-10,0.21199995840271632,58342.491908587304,1.2775556414247234e-08,0.04,3.1,19.28441
SNAD101,nugent-sn2l,-19.743533143022844,9.068087017826248e-10,0.1315999071702711,58345.129870257355,1.761367747858122e-08,0.04,3.1,19.28441
SNAD101,nugent-sn2p,-19.69589523246848,9.40031866972619e-10,0.12896010769705887,58345.139614465035,1.4464110362313602e-08,0.04,3.1,19.28441
SNAD102,nugent-sn2n,-16.180998983075554,7.394753127005956e-10,0.025001046209398064,58284.49571926552,1.3931097199698328e-08,0.06,3.1,19.082088
SNAD102,nugent-sn1a,-21.695980182311473,7.688030282976242e-10,0.2717838606673812,58279.07555189387,1.22566066288701e-08,0.06,3.1,19.082088
SNAD102,nugent-sn1bc,-20.585867660579623,7.885522108882954e-10,0.17233300370312932,58282.63721575893,1.4730207956602944e-08,0.06,3.1,19.082088
SNAD102,nugent-sn2p,-19.679016931487055,8.577139765196755e-10,0.11744138891765082,58285.26248700273,1.3972213809123737e-08,0.06,3.1,19.082088
SNAD102,nugent-sn2l,-19.806623404637364,8.89240370576533e-10,0.12402355033018994,58285.193017498146,2.0430340059080122e-08,0.06,3.1,19.082088
SNAD104,nugent-sn1bc,-20.72326292490286,5.485743703232798e-10,0.19407358961484922,58251.162232122086,8.833792059364216e-09,0.01,3.1,19.230509
SNAD104,nugent-sn1a,-20.87444498869397,6.061235890561265e-10,0.20657466959519702,58247.96085285922,8.00480386000329e-09,0.01,3.1,19.230509
SNAD104,nugent-sn2p,-18.08461802408795,6.333727317876138e-10,0.06260806818834322,58254.24478003049,9.68978015919657e-09,0.01,3.1,19.230509
SNAD104,nugent-sn2l,-19.757301829001133,6.496101140752751e-10,0.12937269940599766,58252.459938374785,1.4571521584179786e-08,0.01,3.1,19.230509
SNAD104,nugent-sn2n,-21.662833222647198,6.697920810687721e-10,0.28468965356574133,58253.2209353669,5.876401791683941e-09,0.01,3.1,19.230509
SNAD106,nugent-sn2p,-19.479420317290693,1.4620811968428515e-10,0.1519147894794967,58225.068176577435,4.049541816210046e-09,0.02,3.1,19.887787
SNAD106,nugent-sn2n,-15.337437653237888,1.496190018952149e-10,0.024576606151585797,58225.632111831226,3.778682836780858e-09,0.02,3.1,19.887787
SNAD106,nugent-sn1a,-20.659821887649176,1.5556230297343362e-10,0.24758173170739514,58219.33838758043,3.6478683542769254e-09,0.02,3.1,19.887787
SNAD106,nugent-sn2l,-16.593750679149625,1.627284478630603e-10,0.04323903655635621,58225.075445309034,7.542252024850516e-09,0.02,3.1,19.887787
SNAD106,nugent-sn1bc,-19.518422567128635,1.7007740693972454e-10,0.15442924154409016,58223.96294310028,4.487644269979438e-09,0.02,3.1,19.887787
SNAD107,nugent-sn2l,-21.209998391544556,2.2508130391345844e-11,0.3232667161194523,58234.87255866142,6.975148616270816e-09,0.01,3.1,20.001299
SNAD107,nugent-sn1a,-21.86305058883102,2.2957344998790923e-11,0.4180331949458082,58227.708694371046,4.129869016308199e-09,0.01,3.1,20.001299
SNAD107,nugent-sn2n,-16.270975979110435,2.424386793394795e-11,0.0393761428520752,58234.33737562599,5.750433023285903e-09,0.01,3.1,20.001299
SNAD107,nugent-sn1bc,-22.016166408234103,3.292971215780235e-11,0.4436860025793756,58231.89198063958,5.7091945374498636e-09,0.01,3.1,20.001299
SNAD107,nugent-sn2p,-22.021346161803447,3.305361753280689e-11,0.4445788056831247,58233.545078494535,4.454381785948137e-09,0.01,3.1,20.001299
SNAD108,nugent-sn1a,-21.92095273432952,1.0836106920406907e-10,0.2986001371694214,58271.75417389222,9.977841023061057e-09,0.01,3.1,19.091373
SNAD108,nugent-sn2n,-15.256225960612245,1.291265405534049e-10,0.016504534536197716,58278.90060169184,1.3628914825491867e-08,0.01,3.1,19.091373
SNAD108,nugent-sn1bc,-21.4202931024298,1.5039516867470452e-10,0.24399127889685887,58275.920008415225,1.1848023959479744e-08,0.01,3.1,19.091373
SNAD108,nugent-sn2l,-21.893259425823526,1.6006098542491416e-10,0.2953077768849118,58279.51696755806,1.4369043615259846e-08,0.01,3.1,19.091373
SNAD108,nugent-sn2p,-21.912130268839956,2.0498628582519099e-10,0.29754761779674815,58278.69449860039,9.417416600450171e-09,0.01,3.1,19.091373
SNAD109,nugent-sn1a,-21.339220862340948,2.260803902896701e-10,0.29435967124375506,58219.83586130749,4.677358092902024e-09,0.02,3.1,19.637384
SNAD109,nugent-sn2n,-21.17632390780499,2.262751636503952e-10,0.27571530881326783,58225.046064580914,3.7195847167743927e-09,0.02,3.1,19.637384
SNAD109,nugent-sn1bc,-20.560562020795384,2.340097772367917e-10,0.21462951481922773,58224.10013672302,5.804837157222659e-09,0.02,3.1,19.637384
SNAD109,nugent-sn2p,-19.7045869067133,2.54719442424804e-10,0.15030821379495496,58225.823800849845,6.394521931204558e-09,0.02,3.1,19.637384
SNAD109,nugent-sn2l,-20.1894861352388,2.6278932838636444e-10,0.18412475912997034,58226.53958879144,8.421138616106622e-09,0.02,3.1,19.637384
SNAD110,nugent-sn1a,-21.244762056151128,8.70890154020096e-11,0.2633330892132969,58312.50737548336,2.4751273879408956e-09,0.01,3.1,19.584816
SNAD110,nugent-sn2n,-19.87633048728149,8.998953680621772e-11,0.14963957008351259,58359.47631114346,6.543071713764893e-09,0.01,3.1,19.584816
SNAD110,nugent-sn1bc,-20.208167972787496,1.0189571453929199e-10,0.17199340044695774,58244.73019102953,3.271749498492229e-09,0.01,3.1,19.584816
SNAD110,nugent-sn2p,-17.257972894402858,1.0523884635327912e-10,0.047941567192735825,58248.98290714003,3.6552722746660004e-09,0.01,3.1,19.584816
SNAD110,nugent-sn2l,-17.362579939399726,1.0758848516623635e-10,0.05022574957880402,58249.31332903974,5.178349831657854e-09,0.01,3.1,19.584816
SNAD111,nugent-sn1a,-19.391728537312165,4.4477383655782137e-10,0.13983467738745384,58280.76707665404,6.219122034480104e-09,0.03,3.1,19.77927
SNAD111,nugent-sn2n,-16.216605985524613,4.789325493269808e-10,0.03478563174691283,58285.5386274434,5.936288696282988e-09,0.03,3.1,19.77927
SNAD111,nugent-sn1bc,-14.620804672744004,4.797750048298628e-10,0.01690320108375925,58284.4714739653,8.014297249341289e-09,0.03,3.1,19.77927
SNAD111,nugent-sn2l,-17.360314672592107,5.984466069277515e-10,0.05793554302383393,58286.17995559178,9.548378444202648e-09,0.03,3.1,19.77927
SNAD111,nugent-sn2p,-18.961558375371663,6.020967661176283e-10,0.11642625044005712,58286.55581553981,6.984546885603918e-09,0.03,3.1,19.77927
SNAD112,nugent-sn2n,-15.391539725341207,1.0055115110389617e-09,0.018916660762271137,58247.85626932613,1.1700365350301367e-08,0.03,3.1,19.256176
SNAD112,nugent-sn1a,-19.570350664641854,1.1026398564314252e-09,0.12077378818771688,58243.022514803575,1.295948192730732e-08,0.03,3.1,19.256176
SNAD112,nugent-sn2p,-19.442629053903442,1.1223864736064455e-09,0.11434861593849323,58248.45864504501,1.2600459139900957e-08,0.03,3.1,19.256176
SNAD112,nugent-sn1bc,-15.008094036412121,1.2938334946989545e-09,0.01589048150301706,58246.945271554636,1.5561813599471664e-08,0.03,3.1,19.256176
SNAD112,nugent-sn2l,-16.225170543399155,1.4919176416317473e-09,0.02759183733542273,58249.66203745156,2.1702977473971287e-08,0.03,3.1,19.256176
SNAD113,nugent-sn1a,-20.26992873414757,7.724329839601751e-10,0.1860456370086435,58328.804636606204,9.113965500968707e-09,0.02,3.1,19.58193
SNAD113,nugent-sn2p,-19.150688504208524,8.143350439967775e-10,0.11601758050703659,58336.27867497363,1.0247606879293048e-08,0.02,3.1,19.58193
SNAD113,nugent-sn1bc,-14.792382453740387,8.174532970209424e-10,0.01670630651436827,58334.82928453959,1.0987858853287885e-08,0.02,3.1,19.58193
SNAD113,nugent-sn2n,-20.72081569368474,8.302425275231027e-10,0.22405414457470296,58317.6695437024,9.575501966487273e-09,0.02,3.1,19.58193
SNAD113,nugent-sn2l,-19.379627740740695,1.0283886759153457e-09,0.12793492103403026,58335.28700186956,1.4621010333223182e-08,0.02,3.1,19.58193
SNAD114,nugent-sn2n,-16.04777770264905,1.5514571631711382e-09,0.02414939681102978,58252.86052899587,1.779336049683466e-08,0.02,3.1,19.138683
SNAD114,nugent-sn2p,-19.581161556777722,1.8189806056184726e-09,0.11538440548988955,58254.23391249165,1.828631762720272e-08,0.02,3.1,19.138683
SNAD114,nugent-sn1a,-19.824353221449,1.8644041181850988e-09,0.12801549162528889,58249.03944057126,1.816553505290887e-08,0.02,3.1,19.138683
SNAD114,nugent-sn2l,-19.670004241917184,2.260419451146223e-09,0.11985638462176217,58254.49161280238,2.7586098485505754e-08,0.02,3.1,19.138683
SNAD114,nugent-sn1bc,-15.02129669442084,2.362838564902845e-09,0.015153699677269572,58253.13618875463,2.1585973898988043e-08,0.02,3.1,19.138683
SNAD115,nugent-sn2n,-21.55415580287095,3.6948851153016483e-10,0.2949320260769489,58355.2491198843,4.547057847482189e-09,0.03,3.1,19.427298
SNAD115,nugent-sn1a,-21.54648100267626,3.813637253222167e-10,0.29402658648104185,58349.433175592254,5.98155242060788e-09,0.03,3.1,19.427298
SNAD115,nugent-sn1bc,-20.336440541289043,4.0301061926073587e-10,0.1793534234581789,58353.460716118956,7.593926012430643e-09,0.03,3.1,19.427298
SNAD115,nugent-sn2l,-19.843775716350237,4.449617024674534e-10,0.14587925272187943,58356.94776692463,9.349731488011355e-09,0.03,3.1,19.427298
SNAD115,nugent-sn2p,-19.594665661905104,4.4951807187199575e-10,0.1312658026367181,58357.01140899378,8.109794700739318e-09,0.03,3.1,19.427298
SNAD116,nugent-sn1a,-19.638113685235382,2.393064769935945e-10,0.15750515168228418,58539.47882130681,1.041905659124134e-08,0.02,3.1,19.81501
SNAD116,nugent-sn2l,-19.638208095161488,2.4164974967409085e-10,0.15751139878745968,58548.49896906772,1.4004169715866021e-08,0.02,3.1,19.81501
SNAD116,nugent-sn2n,-19.63807354649915,2.50768441830672e-10,0.15750249577187247,58545.472925050344,9.266065439932201e-09,0.02,3.1,19.81501
SNAD116,nugent-sn2p,-19.638018092531127,2.5091240960875184e-10,0.1574988265478217,58548.497752018964,1.4028916067757214e-08,0.02,3.1,19.81501
SNAD116,nugent-sn1bc,-19.638034673518263,3.0723452678331463e-10,0.15749992365405646,58542.44307609618,1.5704197393460243e-08,0.02,3.1,19.81501
SNAD118,nugent-sn2p,-19.37923715340105,1.306978044696315e-09,0.11568931507684699,58259.529861441406,1.1821065237094228e-08,0.02,3.1,19.346767
SNAD118,nugent-sn2n,-15.224395465010979,1.3388260491186612e-09,0.018270194575999585,58257.12059142661,1.1813880056429e-08,0.02,3.1,19.346767
SNAD118,nugent-sn1a,-20.283299386924213,1.4622887443228404e-09,0.16962702256392076,58253.0865079149,1.1415271084811765e-08,0.02,3.1,19.346767
SNAD118,nugent-sn1bc,-14.944007097515218,1.5785828951327612e-09,0.016083300832635258,58257.94963634828,1.3877885761145054e-08,0.02,3.1,19.346767
SNAD118,nugent-sn2l,-18.09294201273108,1.6758244215647754e-09,0.06614190498120795,58261.26039557704,1.6417321492444994e-08,0.02,3.1,19.346767
SNAD119,nugent-sn2n,-18.71977778399872,2.708195896883294e-09,0.06506034378569102,58309.053188985075,2.2336145451134035e-08,0.04,3.1,18.682495
SNAD119,nugent-sn1bc,-21.07114486341248,2.723577229669307e-09,0.1786009155648505,58306.889278357026,2.59107844386236e-08,0.04,3.1,18.682495
SNAD119,nugent-sn1a,-22.212631204896912,2.7402520180216104e-09,0.2848937415165403,58303.45673561098,2.155272995045469e-08,0.04,3.1,18.682495
SNAD119,nugent-sn2p,-20.972091926497466,3.0337741559289486e-09,0.17137368825350996,58308.89628106687,2.1998534625449573e-08,0.04,3.1,18.682495
SNAD119,nugent-sn2l,-20.44435230649157,3.242125825269625e-09,0.13724309180972272,58311.04655107393,3.482256907010389e-08,0.04,3.1,18.682495
SNAD120,nugent-sn2p,-19.67038480817196,8.012290153702812e-11,0.13021903491844847,58288.9378326102,2.0257287064699642e-08,0.05,3.1,19.332752
SNAD120,nugent-sn2n,-21.676705112059096,2.501966783110261e-10,0.2982575355619534,58299.15422629619,1.3833061761980791e-08,0.05,3.1,19.332752
SNAD120,nugent-sn1a,-21.011131052228038,3.526646666921506e-10,0.2278568740929225,58299.8158193968,1.7788741668101e-08,0.05,3.1,19.332752
SNAD120,nugent-sn1bc,-21.6135845623902,3.995045396746044e-10,0.2908099262625239,58298.41806182698,1.9568076107098764e-08,0.05,3.1,19.332752
SNAD120,nugent-sn2l,-21.06896905568992,4.257723383690347e-10,0.23330414325101184,58303.34932530748,2.2196122757754065e-08,0.05,3.1,19.332752
SNAD121,nugent-sn2n,-21.347301847793606,6.776931969940977e-10,0.29186704078957304,58342.0258996789,7.224329998060326e-09,0.03,3.1,19.608084
SNAD121,nugent-sn2p,-16.46190932031003,7.819551940400156e-10,0.03596263806545786,58344.2778637595,1.2446189435496289e-08,0.03,3.1,19.608084
SNAD121,nugent-sn1a,-20.034573573748826,8.985012772024918e-10,0.1705218508467001,58338.17960186416,1.0831049527241554e-08,0.03,3.1,19.608084
SNAD121,nugent-sn1bc,-19.74658428198777,1.0246604748073577e-09,0.1511145501532302,58342.00238255117,1.1434070880730911e-08,0.03,3.1,19.608084
SNAD121,nugent-sn2l,-19.37017859070676,1.2048284800411067e-09,0.12884803505240178,58343.59609523921,1.5407396186230706e-08,0.03,3.1,19.608084
SNAD122,nugent-sn2n,-21.854466652534015,3.132143678279306e-10,0.28874966339096314,58255.84901186547,1.3894811292579112e-08,0.01,3.1,19.074146
SNAD122,nugent-sn1bc,-18.342320452210444,4.184655474445706e-10,0.06546839502285938,58255.77019180499,1.925825832611444e-08,0.01,3.1,19.074146
SNAD122,nugent-sn2p,-20.30615353992988,4.716292307897704e-10,0.15275454946468056,58256.942330066726,1.911934457243285e-08,0.01,3.1,19.074146
SNAD122,nugent-sn1a,-18.851259304653624,5.135363113869097e-10,0.08183335848887396,58252.875366510394,2.109937969833964e-08,0.01,3.1,19.074146
SNAD122,nugent-sn2l,-20.438858336582868,5.474300441862956e-10,0.16151412850098268,58258.12990500588,2.5129422099501114e-08,0.01,3.1,19.074146
SNAD123,nugent-sn2n,-15.193804336150066,6.108172924554178e-09,0.01278527497118343,58183.75262204871,3.287033644034466e-08,0.03,3.1,18.593271
SNAD123,nugent-sn1a,-20.543183906936108,6.3456861697456e-09,0.13780318240781778,58184.67201919581,2.8800040736104658e-08,0.03,3.1,18.593271
SNAD123,nugent-sn2p,-20.44533460422562,6.4886620291306956e-09,0.13219765272591527,58163.84553528688,4.0377373240206204e-08,0.03,3.1,18.593271
SNAD123,nugent-sn1bc,-16.056696233544642,7.04141348600009e-09,0.018936011723065516,58187.33154107951,3.7381287176204874e-08,0.03,3.1,18.593271
SNAD123,nugent-sn2l,-20.04176575728748,7.915040753175196e-09,0.11126252143103693,58191.04334784232,4.598876059627945e-08,0.03,3.1,18.593271
SNAD124,nugent-sn1a,-22.583741720834613,2.6605749997988934e-09,0.2944785517313847,58188.92986553816,2.3668708315962604e-08,0.03,3.1,18.393871
SNAD124,nugent-sn2n,-15.792268908629243,2.667202153280093e-09,0.01533527697626594,58196.463967240416,2.648851079195115e-08,0.03,3.1,18.393871
SNAD124,nugent-sn1bc,-21.391439663672674,2.675632571811817e-09,0.18097074272768796,58191.68224255453,2.970879174279952e-08,0.03,3.1,18.393871
SNAD124,nugent-sn2l,-22.1721243887683,3.3754411244155233e-09,0.24943718047494548,58194.28158775669,4.470844752597567e-08,0.03,3.1,18.393871
SNAD124,nugent-sn2p,-22.650378943782886,3.5642835710649574e-09,0.3024373821707754,58176.01226385704,3.7027735116989614e-08,0.03,3.1,18.393871
SNAD125,nugent-sn1a,-21.322225783205404,4.0345371226821175e-11,0.2945548983168059,58258.85683886367,7.05772827038203e-09,0.01,3.1,19.656034
SNAD125,nugent-sn1bc,-20.629839948388266,4.501388483801266e-11,0.22251152272506042,58263.10555925616,7.947511403968507e-09,0.01,3.1,19.656034
SNAD125,nugent-sn2n,-18.316806041107377,4.779588257851364e-11,0.08354356941817706,58265.63791799926,8.86034272981455e-09,0.01,3.1,19.656034
SNAD125,nugent-sn2l,-21.074209679714393,5.914479526984561e-11,0.2665893399185589,58267.32154349768,9.602992123689034e-09,0.01,3.1,19.656034
SNAD125,nugent-sn2p,-21.34263011832826,5.995065198380656e-11,0.29697175819080146,58265.9375379927,7.490157381532056e-09,0.01,3.1,19.656034
SNAD127,nugent-sn1bc,-19.89032092858828,3.3066323388110785e-10,0.14972402501765772,58188.38694318834,1.0206509932840747e-08,0.01,3.1,19.442411
SNAD127,nugent-sn1a,-21.188664080843623,3.731204281081704e-10,0.2561079761603724,58190.67708322019,8.126035792994431e-09,0.01,3.1,19.442411
SNAD127,nugent-sn2n,-21.569683977418656,3.938785804470154e-10,0.2985725643210385,58190.548755045056,6.243940208071123e-09,0.01,3.1,19.442411
SNAD127,nugent-sn2l,-21.460997289413747,4.914004230506891e-10,0.28584297800358993,58188.952166334304,1.6965734827458786e-08,0.01,3.1,19.442411
SNAD127,nugent-sn2p,-14.981465151164336,5.158815165458256e-10,0.01708714653978345,58160.980195028664,1.6344930951297048e-08,0.01,3.1,19.442411
SNAD128,nugent-sn2n,-21.58561847859733,2.747356387424422e-10,0.27904643902786447,58275.93592237007,4.494031898171037e-09,0.01,3.1,19.257923
SNAD128,nugent-sn1a,-21.732651351172397,2.8957528029293987e-10,0.29601136414819373,58271.31005487791,6.023435625773503e-09,0.01,3.1,19.257923
SNAD128,nugent-sn1bc,-20.41070399258292,2.9454728326433776e-10,0.17238130851378056,58274.960423622724,7.29743436217008e-09,0.01,3.1,19.257923
SNAD128,nugent-sn2p,-19.489327342439825,3.130632992836115e-10,0.11674686664854418,58277.82169425701,7.2589604302759665e-09,0.01,3.1,19.257923
SNAD128,nugent-sn2l,-19.75712904213186,3.300353639371679e-10,0.13088060546802258,58279.02980381062,9.954325550776018e-09,0.01,3.1,19.257923
SNAD129,nugent-sn2p,-20.076788004368645,2.9087229072758e-10,0.1737625718574055,58190.94361805283,8.345488848859767e-09,0.02,3.1,19.610962
SNAD129,nugent-sn1a,-20.403961698101966,3.1381735471424365e-10,0.19904338441650102,58181.88795429642,9.661188442651148e-09,0.02,3.1,19.610962
SNAD129,nugent-sn2l,-17.670615592084786,3.1876919915376754e-10,0.06168789309947202,58190.018765551904,1.7750467380549788e-08,0.02,3.1,19.610962
SNAD129,nugent-sn2n,-18.68975901036434,3.2011976697112297e-10,0.09632922843071619,58173.034333120515,1.3787074687142536e-08,0.02,3.1,19.610962
SNAD129,nugent-sn1bc,-20.06054707774487,3.617044433696862e-10,0.17258882807381407,58185.28320244765,1.1046108147507004e-08,0.02,3.1,19.610962
SNAD130,nugent-sn2p,-19.380307733297546,1.0874529276078553e-09,0.11668361551920854,58296.243457289456,1.0013796719651657e-08,0.01,3.1,19.365677
SNAD130,nugent-sn1a,-20.473585485881014,1.1874323930090961e-09,0.18507505179439984,58290.95361562282,9.825921436110659e-09,0.01,3.1,19.365677
SNAD130,nugent-sn1bc,-20.23067347727059,1.1888613904559889e-09,0.1672523478312858,58293.997417159284,1.0413259624219321e-08,0.01,3.1,19.365677
SNAD130,nugent-sn2n,-15.695188426879138,1.2272960555858726e-09,0.022814781237616752,58296.31583322493,1.0619566286544912e-08,0.01,3.1,19.365677
SNAD130,nugent-sn2l,-19.535605500048067,1.298446899411093e-09,0.12469041879295739,58300.105889926956,1.4508762234415372e-08,0.01,3.1,19.365677
SNAD131,nugent-sn1bc,-17.115063228776037,6.169586305944297e-11,0.04711195608271858,58234.35126248505,9.584717949143828e-09,0.01,3.1,19.55878
SNAD131,nugent-sn1a,-20.64029852209658,6.997564046309199e-11,0.21472937423423463,58228.71033184893,8.280231872565168e-09,0.01,3.1,19.55878
SNAD131,nugent-sn2n,-15.218684616491451,9.441653381390203e-11,0.020064258502957556,58235.82300356488,9.77463644707964e-09,0.01,3.1,19.55878
SNAD131,nugent-sn2l,-20.361404853230987,9.51161121010797e-11,0.1913930852724057,58237.07228038503,1.2040504589484476e-08,0.01,3.1,19.55878
SNAD131,nugent-sn2p,-21.445664023443257,1.417988262084571e-10,0.297659686935873,58234.24237344267,7.132606861292507e-09,0.01,3.1,19.55878
SNAD132,nugent-sn1bc,-15.625161596887128,4.55251282030139e-11,0.027395200055130197,58240.45577354516,5.700046563770815e-09,0.01,3.1,19.84034
SNAD132,nugent-sn2l,-20.460106779428383,4.990928414903932e-11,0.2238433706055458,58244.90834340664,6.225335769175463e-09,0.01,3.1,19.84034
SNAD132,nugent-sn1a,-19.277845702510387,5.137353383710936e-11,0.1367399765092207,58236.0180542512,5.114642593492806e-09,0.01,3.1,19.84034
SNAD132,nugent-sn2n,-15.04272816721085,5.841703223803377e-11,0.02104873223942582,58241.948766732465,5.441185495272078e-09,0.01,3.1,19.84034
SNAD132,nugent-sn2p,-21.157333550682576,6.195079226233032e-11,0.29685400700241726,58242.078356034675,4.004617979126401e-09,0.01,3.1,19.84034
SNAD133,nugent-sn2p,-20.10131660735149,1.0889954110012317e-09,0.15255924168746254,58194.43835435655,1.2880729793838735e-08,0.03,3.1,19.275944
SNAD133,nugent-sn1a,-19.79185449215809,1.358203181741512e-09,0.13384727302778218,58190.39735323051,1.491846465455732e-08,0.03,3.1,19.275944
SNAD133,nugent-sn2n,-15.235081226062757,1.397457092451076e-09,0.01777769086821117,58194.45763001823,1.452280018147574e-08,0.03,3.1,19.275944
SNAD133,nugent-sn1bc,-15.349566712842591,1.4501254011114874e-09,0.018726857994169906,58193.068444796314,1.7935612514943636e-08,0.03,3.1,19.275944
SNAD133,nugent-sn2l,-19.762011017249296,1.5822897362420775e-09,0.13216110756086,58195.59645806408,2.3557398784563865e-08,0.03,3.1,19.275944
SNAD134,nugent-sn1a,-20.54220213896693,6.837056236202507e-10,0.20211605848325326,58262.210004150846,9.322711949437198e-09,0.02,3.1,19.509827
SNAD134,nugent-sn2n,-14.927192187736438,6.958651752225144e-10,0.017189566025009727,58267.678500895825,9.727554390278818e-09,0.02,3.1,19.509827
SNAD134,nugent-sn1bc,-20.101362378593066,7.128249865915483e-10,0.16829364651072165,58265.23430914054,1.0697986608720459e-08,0.02,3.1,19.509827
SNAD134,nugent-sn2p,-19.23834489470329,8.159580958692506e-10,0.11679294321385979,58267.86586864637,9.765333270373038e-09,0.02,3.1,19.509827
SNAD134,nugent-sn2l,-19.409187041623994,9.046751472583755e-10,0.1256367639087898,58269.21747905621,1.464569000576711e-08,0.02,3.1,19.509827
SNAD135,nugent-sn2n,-20.430903187642414,2.2523132119451973e-10,0.23751588094811013,59608.33805141435,7.595471710458568e-09,0.02,3.1,20.01469
SNAD135,nugent-sn1a,-20.430934437785098,2.2656882156730707e-10,0.2375189057872503,59603.31995608988,9.469653964810076e-09,0.02,3.1,20.01469
SNAD135,nugent-sn2l,-20.430689004073656,2.379330496996688e-10,0.23749515013133174,59611.37364931686,1.4165460332155986e-08,0.02,3.1,20.01469
SNAD135,nugent-sn1bc,-20.43077210302384,2.498968659386952e-10,0.237503193076519,59605.35356168821,1.598815999971273e-08,0.02,3.1,20.01469
SNAD135,nugent-sn2p,-20.430704763358975,2.5845064796391077e-10,0.2374966754149226,59611.37443202176,1.4052081758965274e-08,0.02,3.1,20.01469
SNAD136,nugent-sn1a,-21.890795203880295,7.151114347636062e-11,0.2976999827969369,58343.40677037773,1.3319499840037114e-08,0.03,3.1,19.113987
SNAD136,nugent-sn2n,-15.70016909155887,8.773386557401484e-11,0.020401054116194348,58351.02954892125,1.8436381042516077e-08,0.03,3.1,19.113987
SNAD136,nugent-sn2p,-21.89236308209633,1.0281162115309133e-10,0.29788686877416815,58350.527986669134,1.5027722121018897e-08,0.03,3.1,19.113987
SNAD136,nugent-sn2l,-21.558163953085845,1.0381943617109747e-10,0.26040247843898173,58350.69306999661,1.9304128293662696e-08,0.03,3.1,19.113987
SNAD136,nugent-sn1bc,-21.632982901519966,1.0824664721408354e-10,0.26839559866724194,58347.305928089365,1.5378075770475338e-08,0.03,3.1,19.113987
SNAD137,nugent-sn2p,-19.523161551301065,1.299332431248225e-09,0.11530236220679582,58238.92269563225,1.739723634243216e-08,0.03,3.1,19.195023
SNAD137,nugent-sn2n,-21.696487255626472,1.39348086966711e-09,0.2844802161443554,58237.63639493593,1.181649272412134e-08,0.03,3.1,19.195023
SNAD137,nugent-sn1a,-20.35105559162068,1.6978146647027973e-09,0.16376894812598344,58236.27466014203,1.811010129824499e-08,0.03,3.1,19.195023
SNAD137,nugent-sn1bc,-17.11871589926688,1.8972104750434097e-09,0.04011385530651423,58239.49821575294,2.1567372735745934e-08,0.03,3.1,19.195023
SNAD137,nugent-sn2l,-19.80560087466037,2.2688490067318036e-09,0.13007991006791164,58243.51613169769,2.756266312541827e-08,0.03,3.1,19.195023
SNAD138,nugent-sn2p,-18.806664390546104,3.154191262368239e-10,0.11566127732166187,58294.09597349186,5.628471142204221e-09,0.02,3.1,19.918774
SNAD138,nugent-sn2n,-15.977745069553322,3.1542494779363986e-10,0.033266668491286476,58293.20543487732,5.812299997797944e-09,0.02,3.1,19.918774
SNAD138,nugent-sn1a,-19.49892853262314,3.5066436205761823e-10,0.15517755408586312,58288.48862782358,5.811915100059976e-09,0.02,3.1,19.918774
SNAD138,nugent-sn1bc,-14.54687958777356,3.793351042753461e-10,0.01741480880607615,58292.700470895135,7.1615129469930894e-09,0.02,3.1,19.918774
SNAD138,nugent-sn2l,-17.23327052522575,4.222903316000765e-10,0.05825580289328825,58296.164980058995,8.799378848247385e-09,0.02,3.1,19.918774
SNAD139,nugent-sn2p,-19.75868206228903,1.310167892004054e-09,0.11688640200252552,58199.59145868007,2.272404580972275e-08,0.03,3.1,18.991358
SNAD139,nugent-sn2n,-15.566830411050542,1.6757394002104898e-09,0.018162814802788942,58200.77143783817,2.135373827215416e-08,0.03,3.1,18.991358
SNAD139,nugent-sn2l,-18.816229421861795,1.8040361817421423e-09,0.07772884155950213,58200.67609491423,3.670145297654547e-08,0.03,3.1,18.991358
SNAD139,nugent-sn1bc,-14.318176410945913,2.0374263702796237e-09,0.010280672533683331,58199.56661380787,2.7782815999468823e-08,0.03,3.1,18.991358
SNAD139,nugent-sn1a,-20.529579550564275,2.282705147804543e-09,0.1620523219747276,58196.8415474334,2.3558587244861065e-08,0.03,3.1,18.991358
SNAD140,nugent-sn2p,-19.537392269511507,1.5486329889090972e-09,0.11491083283834723,58190.58946582246,2.009441255487831e-08,0.04,3.1,19.172855
SNAD140,nugent-sn2n,-21.83428593980424,1.573234241770451e-09,0.297981177386823,58189.24851723063,1.3721612096684466e-08,0.04,3.1,19.172855
SNAD140,nugent-sn1bc,-17.237089076732083,1.9209993132349867e-09,0.041877700012810694,58186.99792446381,2.7714701972430485e-08,0.04,3.1,19.172855
SNAD140,nugent-sn1a,-20.34713273188796,1.9430343799964792e-09,0.16198779793360457,58191.486424177645,1.9554204281090454e-08,0.04,3.1,19.172855
SNAD140,nugent-sn2l,-20.282182320153105,2.4931630205471274e-09,0.1576318219942234,58189.92591509212,3.5846551662738724e-08,0.04,3.1,19.172855
SNAD142,nugent-sn2n,-21.414118126461528,5.11714398729127e-10,0.2977392995304286,58329.61556966499,6.310901938610176e-09,0.04,3.1,19.590994
SNAD142,nugent-sn1a,-21.074898138842524,5.134127358851828e-10,0.25974386392241483,58331.322326751186,8.062114257892068e-09,0.04,3.1,19.590994
SNAD142,nugent-sn2l,-19.407283386802842,5.401079283879613e-10,0.1299501260859381,58332.03094893925,1.6530784172855742e-08,0.04,3.1,19.590994
SNAD142,nugent-sn2p,-16.39268770210339,5.521983910210246e-10,0.034595620460087385,58331.93782984008,1.1378511305249877e-08,0.04,3.1,19.590994
SNAD142,nugent-sn1bc,-19.826980524971926,5.569888468190366e-10,0.1551953045059438,58336.40478996335,9.5270843849541e-09,0.04,3.1,19.590994
SNAD143,nugent-sn1bc,-15.190409258162134,1.2299760702201094e-09,0.015997980103843124,58191.12021380806,2.7880953824893992e-08,0.03,3.1,19.088676
SNAD143,nugent-sn1a,-20.44631178986009,1.5628096780570974e-09,0.16300959497624962,58193.60049151276,2.3232393963842545e-08,0.03,3.1,19.088676
SNAD143,nugent-sn2p,-19.574678239171767,1.7062093132588357e-09,0.11262313875673635,58192.49543521744,2.4546337661273886e-08,0.03,3.1,19.088676
SNAD143,nugent-sn2n,-21.90438702319178,1.7389758593232607e-09,0.2963065074204168,58196.01778656156,1.5201176789496882e-08,0.03,3.1,19.088676
SNAD143,nugent-sn2l,-20.368233710678318,1.8848967791491733e-09,0.15775585403128897,58195.50019642703,3.5707351013956184e-08,0.03,3.1,19.088676
SNAD144,nugent-sn1bc,-18.538469811820253,4.163535009825704e-10,0.08842767393958254,58419.076985092295,1.3157925532504294e-08,0.05,3.1,19.564913
SNAD144,nugent-sn1a,-18.30128316451294,4.336982352694869e-10,0.07974544823038718,58414.82567625816,1.5330923934725542e-08,0.05,3.1,19.564913
SNAD144,nugent-sn2p,-20.98357811665051,4.488675638404706e-10,0.24767046949683807,58415.46642891237,6.275786239968997e-09,0.05,3.1,19.564913
SNAD144,nugent-sn2l,-20.478140727752216,4.6276088575389094e-10,0.201368815462975,58423.13396024734,1.0190391838149507e-08,0.05,3.1,19.564913
SNAD144,nugent-sn2n,-18.062319244797227,3.0189536757964212e-09,0.07182443304682275,58412.200358796275,9.406050452686912e-08,0.05,3.1,19.564913
SNAD145,nugent-sn2p,-18.61319254980203,1.2439653178405509e-10,0.1067926442515225,58336.4318636771,3.412160514384844e-09,0.04,3.1,19.92646
SNAD145,nugent-sn1a,-19.71763203714763,1.2530153031877893e-10,0.17062407287115572,58326.2433036631,3.5089605798676763e-09,0.04,3.1,19.92646
SNAD145,nugent-sn2n,-15.272895420084616,1.2618998311603038e-10,0.02429069020643766,58328.77784133575,3.6987874200261607e-09,0.04,3.1,19.92646
SNAD145,nugent-sn1bc,-18.635059927189644,1.3396864369265256e-10,0.10780215547830399,58331.068209630765,3.872067529048267e-09,0.04,3.1,19.92646
SNAD145,nugent-sn2l,-16.123449239432283,1.3427173835176026e-10,0.03563991112292286,58335.9322842227,5.5207216290240315e-09,0.04,3.1,19.92646
SNAD146,nugent-sn1a,-21.41117267316422,3.7066691645123134e-10,0.2867127284108843,58185.77282787014,8.754321982071431e-09,0.03,3.1,19.499802
SNAD146,nugent-sn1bc,-20.48948889734225,3.7277030068613943e-10,0.1969460480637025,58186.7961290346,1.1622390356656092e-08,0.03,3.1,19.499802
SNAD146,nugent-sn2n,-21.48957253273078,3.80354298325345e-10,0.29586916871470276,58185.51252703302,6.741234589407467e-09,0.03,3.1,19.499802
SNAD146,nugent-sn2l,-16.88651905097571,4.973626442189251e-10,0.041437727222386214,58153.77906219218,1.0433764645108985e-07,0.03,3.1,19.499802
SNAD146,nugent-sn2p,-20.384878521271457,5.127600333389426e-10,0.1885968721532975,58189.46872884162,1.0932461420442925e-08,0.03,3.1,19.499802
SNAD147,nugent-sn2n,-21.458760417119716,3.177819526470278e-10,0.28449474914905176,58196.959345766714,4.302885641743214e-09,0.01,3.1,19.432877
SNAD147,nugent-sn1a,-21.440036621811505,3.2102702008970633e-10,0.28236218727383383,58193.78168959094,5.889745506274822e-09,0.01,3.1,19.432877
SNAD147,nugent-sn1bc,-21.50081641768337,3.482307665220922e-10,0.28933888441473193,58202.61972477769,6.7817651658698955e-09,0.01,3.1,19.432877
SNAD147,nugent-sn2p,-21.326736477999663,3.586535083814883e-10,0.26976844134355826,58196.8026746969,6.962355825623904e-09,0.01,3.1,19.432877
SNAD147,nugent-sn2l,-21.136298521931568,3.706711028943534e-10,0.2497593953622614,58206.98712560114,8.14069363860089e-09,0.01,3.1,19.432877
SNAD149,nugent-sn1a,-20.027361801756385,6.435144483920915e-10,0.14333433019052827,58341.10946568367,1.0064871063407768e-08,0.04,3.1,19.202059
SNAD149,nugent-sn1bc,-19.32255312653949,6.689070775273956e-10,0.1061034901654732,58344.4929692058,1.0770018082965432e-08,0.04,3.1,19.202059
SNAD149,nugent-sn2l,-17.817279825324796,6.747359566768052e-10,0.05493084397582875,58348.60173947054,1.5047947977281402e-08,0.04,3.1,19.202059
SNAD149,nugent-sn2n,-15.362839269060302,6.812623836284149e-10,0.01821827095166871,58346.48338519931,1.046271323131023e-08,0.04,3.1,19.202059
SNAD149,nugent-sn2p,-18.58840628883705,6.974507881471435e-10,0.07714895719712543,58347.63732770737,1.1228808309757893e-08,0.04,3.1,19.202059
SNAD150,nugent-sn2p,-21.87811355033158,1.7417778395144378e-09,0.29949396233166375,58196.073198162594,1.4567685518559034e-08,0.03,3.1,19.141682
SNAD150,nugent-sn2n,-15.586170100544233,1.93296504115008e-09,0.019617560506932957,58198.23590919917,1.4827575806492194e-08,0.03,3.1,19.141682
SNAD150,nugent-sn1bc,-15.626966892435806,2.1795162167092527e-09,0.019984157975527567,58196.51819943829,1.936496180120308e-08,0.03,3.1,19.141682
SNAD150,nugent-sn1a,-20.94088309561783,2.2147114232848866e-09,0.20467755519152625,58193.375606024994,1.5781575523393363e-08,0.03,3.1,19.141682
SNAD150,nugent-sn2l,-21.331196438855688,2.4139957436745098e-09,0.2401704993658045,58196.3756018463,2.5632916310310727e-08,0.03,3.1,19.141682
SNAD151,nugent-sn2n,-15.550970018489664,1.4419466868165945e-09,0.0196193050696742,58575.43796993941,1.2042947917096487e-08,0.01,3.1,19.177078
SNAD151,nugent-sn1a,-21.753643724939188,1.5341891821024083e-09,0.2889941203163146,58568.98446460005,1.1085875079260133e-08,0.01,3.1,19.177078
SNAD151,nugent-sn1bc,-19.512130947201307,1.560096180580711e-09,0.11387910728919978,58573.192426114714,1.3847086512407778e-08,0.01,3.1,19.177078
SNAD151,nugent-sn2p,-19.576184355196467,1.6517623545712296e-09,0.11704776905801939,58575.88750717896,1.3780915743528531e-08,0.01,3.1,19.177078
SNAD151,nugent-sn2l,-19.713089513893635,1.7877400771891669e-09,0.12410062176902946,58576.428865377406,1.9456214610172023e-08,0.01,3.1,19.177078
SNAD152,nugent-sn2n,-24.464634095527604,1.1284183360479496e-09,0.6047372137752522,58768.5249204306,7.4389251457789194e-09,0.01,3.1,18.378218
SNAD152,nugent-sn1a,-24.50408745957566,1.1476596975101128e-09,0.6138792636062123,58802.55643842846,3.861019991525617e-09,0.01,3.1,18.378218
SNAD152,nugent-sn2l,-16.67410749303998,1.5432229547118918e-09,0.0225305815286782,58212.790463403115,2.1265668113396397e-08,0.01,3.1,18.378218
SNAD152,nugent-sn1bc,-21.15258851830581,1.5651963084652191e-09,0.16142373737913884,58209.80519286047,1.3043601352322745e-08,0.01,3.1,18.378218
SNAD152,nugent-sn2p,-20.46632526967333,1.6181108048070505e-09,0.12071597739162734,58211.504741591314,1.3480843386943538e-08,0.01,3.1,18.378218
SNAD156,nugent-sn1bc,-18.663878519451497,6.837643108329403e-10,0.06884521614246086,58220.97042864541,1.4982641429240964e-08,0.01,3.1,18.86689
SNAD156,nugent-sn1a,-21.242868322823565,6.871642545072094e-10,0.20698387506349536,58216.868952798905,1.3021752151027349e-08,0.01,3.1,18.86689
SNAD156,nugent-sn2n,-15.816408746084509,7.373587280661564e-10,0.019224779635229033,58222.5026957664,1.4912889802284786e-08,0.01,3.1,18.86689
SNAD156,nugent-sn2p,-17.507578976713415,7.411368924990007e-10,0.041218682513420916,58224.02306895865,1.4860896968288523e-08,0.01,3.1,18.86689
SNAD156,nugent-sn2l,-19.03437621362831,7.844584845505313e-10,0.0809759146916365,58223.93857152854,2.2159536420142165e-08,0.01,3.1,18.86689
SNAD157,nugent-sn2l,-19.832419187422474,2.773536179707828e-10,0.15751120637891317,58756.22122328967,1.7188335499431463e-08,0.08,3.1,19.620796
SNAD157,nugent-sn2n,-19.832242519679,2.8649592020240765e-10,0.15749951647509,58753.19896526368,1.1372895894706853e-08,0.08,3.1,19.620796
SNAD157,nugent-sn2p,-19.832307449524677,2.866535225185698e-10,0.15750381271526395,58756.22491203966,1.7081911621823472e-08,0.08,3.1,19.620796
SNAD157,nugent-sn1a,-19.832177442697663,2.9041551016183207e-10,0.15749521060886087,58747.20994836799,1.276615779312511e-08,0.08,3.1,19.620796
SNAD157,nugent-sn1bc,-19.832315077047504,3.178580250468758e-10,0.1575043174159126,58750.16827662007,1.925674201539309e-08,0.08,3.1,19.620796
SNAD159,nugent-sn1bc,-20.646477387361823,2.0971167093962146e-10,0.17960428587444174,58553.205196320356,8.510768419026683e-09,0.01,3.1,19.120619
SNAD159,nugent-sn2p,-19.919414664108093,2.1395103484387876e-10,0.13227790378124166,58555.212899756334,7.84353405304429e-09,0.01,3.1,19.120619
SNAD159,nugent-sn1a,-21.850307604143413,2.2116790209292192e-10,0.29369072527170126,58548.46045756786,7.029701592986537e-09,0.01,3.1,19.120619
SNAD159,nugent-sn2n,-17.4155711024198,2.3157474038087183e-10,0.04430709025089906,58550.55451314685,7.996372225963284e-09,0.01,3.1,19.120619
SNAD159,nugent-sn2l,-19.228181666223218,2.379247301111941e-10,0.09835343862654004,58557.29137858825,1.2807939490296028e-08,0.01,3.1,19.120619
SNAD160,nugent-sn1a,-21.9630144031905,2.1344547949980695e-09,0.29680265003672346,58308.38081574935,1.7776840528060287e-08,0.02,3.1,19.034227
SNAD160,nugent-sn1bc,-21.614698404459958,2.144138635277416e-09,0.25796616112705667,58310.335325859436,2.0936995862641358e-08,0.02,3.1,19.034227
SNAD160,nugent-sn2l,-20.418240432086627,2.3325442217983718e-09,0.15746173378630943,58310.576287148295,2.544515624305337e-08,0.02,3.1,19.034227
SNAD160,nugent-sn2n,-21.93896402026462,2.349128300893608e-09,0.2939573244492401,58310.679356232926,1.2924700452761099e-08,0.02,3.1,19.034227
SNAD160,nugent-sn2p,-19.70175537259955,2.509727018060455e-09,0.11618486312069472,58311.729926330445,2.2332939401884906e-08,0.02,3.1,19.034227
SNAD161,nugent-sn1bc,-20.035772486108463,2.368187089933253e-10,0.14668032225556255,58193.45643442229,7.104262041285212e-09,0.01,3.1,19.248272
SNAD161,nugent-sn1a,-21.674858284804664,2.4365898945533043e-10,0.2881151065999988,58190.58163251515,5.893914248445619e-09,0.01,3.1,19.248272
SNAD161,nugent-sn2n,-15.77523966084302,2.4420670664405107e-10,0.022432039595077325,58197.94107697617,6.790101049466352e-09,0.01,3.1,19.248272
SNAD161,nugent-sn2l,-19.054457801369935,2.5185217109838006e-10,0.09641300453564376,58197.43639617621,1.1772020408376798e-08,0.01,3.1,19.248272
SNAD161,nugent-sn2p,-21.118444160036788,2.5702981354579843e-10,0.22999316385658344,58195.8857918093,6.318836014775065e-09,0.01,3.1,19.248272
SNAD162,nugent-sn2n,-21.429420179627034,1.4780930581873268e-10,0.36741470619356903,58286.32170070205,2.430814847172723e-09,0.03,3.1,20.105434
SNAD162,nugent-sn2p,-19.960376581478048,1.6246808741719888e-10,0.20326841733462278,58289.71158614641,3.9025134023739114e-09,0.03,3.1,20.105434
SNAD162,nugent-sn1a,-21.174268350282627,1.6889094131545835e-10,0.3321709821045031,58282.2755929297,3.4979259593358045e-09,0.03,3.1,20.105434
SNAD162,nugent-sn1bc,-19.471235620164382,1.8278218591358726e-10,0.16588051106225,58286.644964987245,4.426637153870069e-09,0.03,3.1,20.105434
SNAD162,nugent-sn2l,-19.39166709858627,2.0993241787763872e-10,0.1604402508552944,58289.28864536864,5.825063377653754e-09,0.03,3.1,20.105434
SNAD163,nugent-sn2n,-20.854085971032376,2.7933104288557416e-10,0.27902707134859517,58358.34733288363,3.166028146228848e-09,0.04,3.1,19.989283
SNAD163,nugent-sn1a,-20.975860015190158,2.8318352799250126e-10,0.2930108085099738,58352.3117615383,4.01862498929009e-09,0.04,3.1,19.989283
SNAD163,nugent-sn1bc,-19.609813274260397,2.9847785543954583e-10,0.16744457746348843,58355.404927821495,5.047454204171964e-09,0.04,3.1,19.989283
SNAD163,nugent-sn2p,-18.775913091215727,3.137768884498202e-10,0.11764721888764575,58359.51944754368,5.265444136263732e-09,0.04,3.1,19.989283
SNAD163,nugent-sn2l,-19.96362877319254,3.282031870654953e-10,0.1940045115397831,58359.29745752772,6.186528831767782e-09,0.04,3.1,19.989283
SNAD164,nugent-sn2p,-20.16427302930976,2.4521894159124775e-10,0.19009627488747097,58336.535272378256,5.787401530269368e-09,0.04,3.1,19.739506
SNAD164,nugent-sn1bc,-15.812876034898274,2.5367027809030494e-10,0.028490543144639956,58332.88944206486,6.45325884975316e-09,0.04,3.1,19.739506
SNAD164,nugent-sn2l,-19.121343870924427,2.7497433935688985e-10,0.12255748114717625,58339.39096463536,7.672958816707297e-09,0.04,3.1,19.739506
SNAD164,nugent-sn1a,-19.307667013567105,2.767392376782744e-10,0.1326797907713568,58328.27834964017,5.980224617415781e-09,0.04,3.1,19.739506
SNAD164,nugent-sn2n,-15.213152981101295,2.83983863719325e-10,0.02172333740357018,58329.86390051634,6.420703208417293e-09,0.04,3.1,19.739506
SNAD165,nugent-sn2n,-15.635636783979379,4.78751149086072e-10,0.024174059292402076,58205.73389539056,8.30902121378967e-09,0.03,3.1,19.55308
SNAD165,nugent-sn2p,-20.377752586197126,6.120986335036675e-10,0.19223912166628837,58211.79037678847,7.79976462241558e-09,0.03,3.1,19.55308
SNAD165,nugent-sn1a,-21.310366826544204,6.579059759866189e-10,0.2812895662616309,58204.42362900941,8.160512275627073e-09,0.03,3.1,19.55308
SNAD165,nugent-sn1bc,-20.344997434489805,8.198958704744647e-10,0.18964749694240154,58210.35878331593,1.0991049871032153e-08,0.03,3.1,19.55308
SNAD165,nugent-sn2l,-19.430294438631655,9.484841630530438e-10,0.12912867628682514,58212.19257406427,1.2959470589209672e-08,0.03,3.1,19.55308
SNAD166,nugent-sn2n,-21.066074519151663,4.081470428383034e-10,0.2845338506215407,58343.41048712393,4.414023578270101e-09,0.02,3.1,19.825905
SNAD166,nugent-sn1bc,-15.17273778885172,4.098720749334338e-10,0.02218073449621913,58344.37867934307,7.249577626199864e-09,0.02,3.1,19.825905
SNAD166,nugent-sn2p,-15.509529450358407,4.1724709687654066e-10,0.025832190158414654,58346.57401384151,7.918725472344409e-09,0.02,3.1,19.825905
SNAD166,nugent-sn1a,-21.086309477829495,4.363193255658817e-10,0.286855475020854,58338.443596730925,5.684961398607544e-09,0.02,3.1,19.825905
SNAD166,nugent-sn2l,-18.80856498928683,4.998808976324976e-10,0.11123544786703526,58346.48576779343,1.0087941729665546e-08,0.02,3.1,19.825905
SNAD167,nugent-sn2n,-19.362163048354525,7.406902471419413e-09,0.0561811779672115,58189.714102918515,6.882690897016072e-08,0.03,3.1,17.707966
SNAD167,nugent-sn1a,-23.3166814995579,8.440278582304813e-09,0.300075856185867,58185.38603231622,6.829800442885957e-08,0.03,3.1,17.707966
SNAD167,nugent-sn1bc,-22.1019666630402,8.92332259193666e-09,0.1828332438417658,58189.43704031029,8.099926874956468e-08,0.03,3.1,17.707966
SNAD167,nugent-sn2p,-17.619079276335015,1.0494705452605232e-08,0.025734439518027664,58194.18184277147,5.7020116610087307e-08,0.03,3.1,17.707966
SNAD167,nugent-sn2l,-21.855850018717675,1.1755538061969655e-08,0.16499021821895707,58194.147927424696,1.1981740515692234e-07,0.03,3.1,17.707966
SNAD168,nugent-sn2p,-19.983647778671624,1.3812063148065446e-09,0.16352376446362846,58193.33166858536,1.0803295438008157e-08,0.02,3.1,19.558855
SNAD168,nugent-sn2n,-15.114775066684452,1.3952433621470766e-09,0.019140570608528536,58192.22117724723,1.1315507612487779e-08,0.02,3.1,19.558855
SNAD168,nugent-sn1a,-19.713220362396505,1.399413487549716e-09,0.1459409681119934,58187.12347903506,1.1321104034873504e-08,0.02,3.1,19.558855
SNAD168,nugent-sn1bc,-14.638861542623651,1.5147024309217754e-09,0.0154163152379457,58190.25226614313,1.4154306574907323e-08,0.02,3.1,19.558855
SNAD168,nugent-sn2l,-19.183754016676467,2.1311138389135266e-09,0.11651506566126575,58194.62289355811,1.784541329165617e-08,0.02,3.1,19.558855
SNAD169,nugent-sn2n,-16.412336856184268,2.2728090125220534e-10,0.03382071390470927,58572.81020452637,5.283680359211293e-09,0.03,3.1,19.733112
SNAD169,nugent-sn1bc,-15.755866675074358,2.511656359157144e-10,0.02515646832931231,58551.96013806292,7.893613548481946e-09,0.03,3.1,19.733112
SNAD169,nugent-sn1a,-21.370049390955337,2.7383649319795535e-10,0.28441920938979476,58546.33934440733,6.1743633112966075e-09,0.03,3.1,19.733112
SNAD169,nugent-sn2p,-19.758005788633398,2.742215101983079e-10,0.14636413669234888,58553.17031171106,6.300667493813204e-09,0.03,3.1,19.733112
SNAD169,nugent-sn2l,-17.578124765218362,2.903610023497036e-10,0.05690541331338695,58552.922033085975,1.2401538758875772e-08,0.03,3.1,19.733112
SNAD170,nugent-sn2l,-16.6007415988595,2.7512006952404987e-10,0.03264282918930798,58192.05870389072,2.1313271941261922e-08,0.03,3.1,19.253681
SNAD170,nugent-sn1a,-20.707041156133627,2.8327267261185246e-10,0.19463259272567324,58182.56344134299,1.2205446709221589e-08,0.03,3.1,19.253681
SNAD170,nugent-sn2n,-18.314972257537605,2.868719657239823e-10,0.07000085669158851,58176.08180355071,1.739662197259238e-08,0.03,3.1,19.253681
SNAD170,nugent-sn1bc,-20.43421679821693,3.260470390754838e-10,0.17377328698132696,58185.348384012315,1.4625053481332498e-08,0.03,3.1,19.253681
SNAD170,nugent-sn2p,-16.497232440911432,3.651752441893853e-10,0.031157148232408376,58192.92600181798,1.2959480915963651e-08,0.03,3.1,19.253681
SNAD171,nugent-sn2p,-21.51172791178394,3.2671463809070236e-09,0.18984773248950257,58191.48010310439,2.9220179777247792e-08,0.02,3.1,18.317074
SNAD171,nugent-sn1bc,-18.365769839359583,3.3761897323878325e-09,0.04883825187026344,58187.505924899684,4.072180983387406e-08,0.02,3.1,18.317074
SNAD171,nugent-sn1a,-21.495949781116924,3.427600264355221e-09,0.18860972117465621,58184.32918814131,2.928366638868379e-08,0.02,3.1,18.317074
SNAD171,nugent-sn2n,-19.18207740608646,3.6037716412053698e-09,0.07007220103079731,58183.84665844755,3.0816765223666863e-08,0.02,3.1,18.317074
SNAD171,nugent-sn2l,-21.672518812110003,3.6785165528520807e-09,0.20290011576793637,58190.10889790924,5.0697342643374454e-08,0.02,3.1,18.317074
SNAD172,nugent-sn2n,-21.921207690733006,1.345996416348499e-09,0.29907498886194855,58187.99687507678,8.618204773513128e-09,0.03,3.1,19.095089
SNAD172,nugent-sn1a,-21.64975674400916,1.5549329397872334e-09,0.26816558895589376,58191.27223501762,1.198881759135875e-08,0.03,3.1,19.095089
SNAD172,nugent-sn1bc,-20.304169892179303,1.6128880010722111e-09,0.15397831335241324,58189.831528413626,1.511995308698321e-08,0.03,3.1,19.095089
SNAD172,nugent-sn2p,-21.92387439577881,1.6471015978253057e-09,0.2993942664685345,58188.784647879205,1.4433113802801031e-08,0.03,3.1,19.095089
SNAD172,nugent-sn2l,-21.920572236524116,1.9763072947349625e-09,0.29899895382710706,58193.71578898688,2.1100860350147975e-08,0.03,3.1,19.095089
SNAD173,nugent-sn2p,-20.263538500197583,1.6623390733178223e-09,0.15160959654307807,58186.781431210795,1.955001342069702e-08,0.02,3.1,19.098894
SNAD173,nugent-sn1a,-20.56802515285139,1.980173549088729e-09,0.17225844784364872,58180.160566200175,2.140841791475421e-08,0.02,3.1,19.098894
SNAD173,nugent-sn2n,-18.274863691998476,2.0177260808501755e-09,0.06424794196912446,58176.084875542234,3.0067456603924824e-08,0.02,3.1,19.098894
SNAD173,nugent-sn1bc,-15.605817746931166,2.283556572120926e-09,0.019412578279427595,58185.55838065548,2.6556536408493976e-08,0.02,3.1,19.098894
SNAD173,nugent-sn2l,-19.354767298186957,2.3274551768713876e-09,0.10290880589069068,58188.977376575196,3.4804049236159335e-08,0.02,3.1,19.098894
SNAD174,nugent-sn1a,-23.497327113333466,9.63928091297909e-10,0.3851867667160566,58226.51382332685,2.7540270832940212e-08,0.03,3.1,18.15774
SNAD174,nugent-sn1bc,-24.369184571744075,1.0021150451534027e-09,0.539967089359297,58228.390947788605,3.432269922005223e-08,0.03,3.1,18.15774
SNAD174,nugent-sn2n,-24.22655118100867,1.00390317349536e-09,0.5112118761099322,58195.10092121777,4.849418680582183e-08,0.03,3.1,18.15774
SNAD174,nugent-sn2l,-21.21299083505541,1.0909264649392034e-09,0.1521403701718326,58233.66400036893,6.038323995246052e-08,0.03,3.1,18.15774
SNAD174,nugent-sn2p,-23.023309127614763,1.3992861136378476e-09,0.31939980986202426,58207.80514382958,3.115916537696955e-08,0.03,3.1,18.15774
SNAD175,nugent-sn2p,-19.877209389018926,4.811254883111764e-10,0.17279284553139604,58223.87192027893,8.165283461875765e-09,0.02,3.1,19.79713
SNAD175,nugent-sn2n,-14.759425234472598,5.420699525826334e-10,0.018149342031331457,58224.68477324412,7.891576549209826e-09,0.02,3.1,19.79713
SNAD175,nugent-sn1a,-20.179030130834587,5.904982996764746e-10,0.19587959564503332,58219.238447341784,7.831792461527928e-09,0.02,3.1,19.79713
SNAD175,nugent-sn1bc,-14.59942712006055,6.315630377617773e-10,0.016876182727968786,58223.18953304981,1.0034958475964893e-08,0.02,3.1,19.79713
SNAD175,nugent-sn2l,-18.880452298871564,6.901772489952126e-10,0.11331268403946569,58224.518377175686,1.4423147436871513e-08,0.02,3.1,19.79713
SNAD178,nugent-sn1a,-21.292340101301416,1.3088810730781066e-10,0.2967716005488822,58274.15333522402,3.866239957344416e-09,0.03,3.1,19.70464
SNAD178,nugent-sn2n,-19.942792681777316,1.3252890280261005e-10,0.1708623529661281,58279.88799983271,3.1975221283013396e-09,0.03,3.1,19.70464
SNAD178,nugent-sn1bc,-19.966419381279916,1.3498734352966227e-10,0.1725564331873664,58277.91167214436,4.902886028091365e-09,0.03,3.1,19.70464
SNAD178,nugent-sn2l,-19.511014701845713,1.4979789753467557e-10,0.14250240690910565,58282.14875645113,6.82758677466455e-09,0.03,3.1,19.70464
SNAD178,nugent-sn2p,-20.23339575393003,1.5657848685027269e-10,0.1928134255265137,58280.884845147564,4.31802575714204e-09,0.03,3.1,19.70464
SNAD179,nugent-sn2n,-16.41026553480996,3.957960599710994e-10,0.03228174027806816,58235.42176776477,8.701535378607705e-09,0.01,3.1,19.41943
SNAD179,nugent-sn1a,-21.412778946135525,4.305769478959863e-10,0.2777767439003279,58232.237857351276,8.364034227535554e-09,0.01,3.1,19.41943
SNAD179,nugent-sn1bc,-20.36795609288494,4.3806119884256195e-10,0.1811270543597771,58236.13421937777,1.0167583993866343e-08,0.01,3.1,19.41943
SNAD179,nugent-sn2p,-20.45825718458233,4.834988137284863e-10,0.1880505786950365,58237.74624019299,8.706116638936455e-09,0.01,3.1,19.41943
SNAD179,nugent-sn2l,-19.65936372205634,5.053480730231452e-10,0.13447357152803086,58238.34693758554,1.5396365862877236e-08,0.01,3.1,19.41943
SNAD180,nugent-sn2n,-21.47305459915675,3.025592286895162e-10,0.29641741307222425,58330.529630671284,4.709662170653024e-09,0.03,3.1,19.520943
SNAD180,nugent-sn1a,-21.490371230936265,3.1702608710471973e-10,0.2984792912916086,58332.320443074466,6.238406914182531e-09,0.03,3.1,19.520943
SNAD180,nugent-sn2l,-20.930882905821814,3.4459330234711223e-10,0.2381198763032731,58341.09160578187,9.71294419372642e-09,0.03,3.1,19.520943
SNAD180,nugent-sn1bc,-21.37150891406795,3.538066362287231e-10,0.284587852397936,58336.97775162458,7.94908627982154e-09,0.03,3.1,19.520943
SNAD180,nugent-sn2p,-21.010773889004287,3.6529552077739263e-10,0.24598826350050007,58339.96174907238,7.678200719485136e-09,0.03,3.1,19.520943
SNAD181,nugent-sn1a,-21.63744317148073,1.975879274701893e-09,0.21187642737216733,58308.64714751377,2.503579435580193e-08,0.05,3.1,18.529087
SNAD181,nugent-sn1bc,-21.25219822241107,2.045420973208617e-09,0.1806679218908477,58311.040842140486,2.8689298727515416e-08,0.05,3.1,18.529087
SNAD181,nugent-sn2n,-24.286973811669316,2.1725109061667037e-09,0.6029785497803195,58309.661033503675,1.158989408739576e-08,0.05,3.1,18.529087
SNAD181,nugent-sn2p,-19.45867090974951,2.326316822933052e-09,0.0840884212368569,58312.72938716081,2.6507865339433043e-08,0.05,3.1,18.529087
SNAD181,nugent-sn2l,-20.45158355047575,2.36988760049222e-09,0.12898016106137702,58315.335835311984,3.927250483349901e-08,0.05,3.1,18.529087
SNAD182,nugent-sn2n,-15.395679928665036,3.5472047785496036e-10,0.021709213505536347,58227.82050153457,7.78763595183345e-09,0.03,3.1,19.555544
SNAD182,nugent-sn1a,-20.79511434745906,3.6124989997169004e-10,0.22848886064978915,58222.34248577913,7.706609004006335e-09,0.03,3.1,19.555544
SNAD182,nugent-sn1bc,-20.133591352934115,3.806417598908345e-10,0.17386303436521663,58224.16974295595,9.324459977819831e-09,0.03,3.1,19.555544
SNAD182,nugent-sn2p,-19.24210898193628,3.94909774405838e-10,0.11929222571450691,58226.143882449534,8.067462629283645e-09,0.03,3.1,19.555544
SNAD182,nugent-sn2l,-19.125715796176063,4.3469777972884254e-10,0.11349155543727323,58226.65134709676,1.3714826250163612e-08,0.03,3.1,19.555544
SNAD183,nugent-sn2n,-21.78982337711367,4.966943116611797e-10,0.29646629067165453,58411.088849029096,7.3413526662457115e-09,0.05,3.1,19.204586
SNAD183,nugent-sn1a,-21.779137912980985,5.117738074422516e-10,0.2952003350000065,58407.470620942404,9.160987639742575e-09,0.05,3.1,19.204586
SNAD183,nugent-sn1bc,-20.991877638579965,5.469771257022995e-10,0.21449886910978763,58411.712922957646,1.152285091569477e-08,0.05,3.1,19.204586
SNAD183,nugent-sn2p,-19.49123593162234,5.76886678267708e-10,0.11420246573270663,58411.77448069243,1.2846716915356385e-08,0.05,3.1,19.204586
SNAD183,nugent-sn2l,-20.313395820873602,6.16351437240381e-10,0.1618516089188984,58414.01922885299,1.568200332903297e-08,0.05,3.1,19.204586
SNAD184,nugent-sn1bc,-20.426783198124618,1.6044279492622522e-10,0.17977314836408356,58283.76900914638,7.222354231824192e-09,0.02,3.1,19.342571
SNAD184,nugent-sn1a,-20.84162358799322,1.620465903440538e-10,0.2134203855199654,58280.95137851076,6.769989365465603e-09,0.02,3.1,19.342571
SNAD184,nugent-sn2p,-16.548560682391127,1.6777907428908622e-10,0.03318618564160892,58288.82306479535,8.165639935282987e-09,0.02,3.1,19.342571
SNAD184,nugent-sn2n,-16.941336897465725,1.7081992790370803e-10,0.039581768003936285,58284.65194096618,7.607387113929906e-09,0.02,3.1,19.342571
SNAD184,nugent-sn2l,-17.164926275057226,1.7972284013202212e-10,0.04374319989223061,58289.23800296579,1.1459633557919164e-08,0.02,3.1,19.342571
SNAD185,nugent-sn1bc,-21.870347691624385,2.0923957187992996e-10,0.2852862245287396,58423.89254079149,1.0058077003173438e-08,0.02,3.1,19.028206
SNAD185,nugent-sn1a,-21.96870489720182,2.159771188768459e-10,0.2967633777952751,58421.16635710969,9.401532039629054e-09,0.02,3.1,19.028206
SNAD185,nugent-sn2n,-17.92230845652109,2.2681898182849076e-10,0.053279357547649876,58426.55898891276,1.1672211343549196e-08,0.02,3.1,19.028206
SNAD185,nugent-sn2l,-21.426982168402777,2.5939904625549514e-10,0.2384462912532607,58429.994213034486,1.6521108113671627e-08,0.02,3.1,19.028206
SNAD185,nugent-sn2p,-20.451453712391395,2.856736344293347e-10,0.15927015293899924,58392.81191296711,1.8838090475706854e-08,0.02,3.1,19.028206
SNAD186,nugent-sn2p,-19.68879413761137,5.325254374614056e-10,0.10686131092769556,58190.41728261733,1.0023939821878679e-08,0.03,3.1,18.852352
SNAD186,nugent-sn1a,-21.160470844358027,5.354835393497554e-10,0.19887071339229231,58180.228489034154,1.1124199990410949e-08,0.03,3.1,18.852352
SNAD186,nugent-sn2n,-22.014219971854796,5.718889459435062e-10,0.2816432409150294,58156.28535573479,1.83937485757543e-08,0.03,3.1,18.852352
SNAD186,nugent-sn1bc,-20.83668023120789,6.505381120408522e-10,0.17385555434121583,58183.48966837327,1.400673145551588e-08,0.03,3.1,18.852352
SNAD186,nugent-sn2l,-19.984541601433943,6.649807144746289e-10,0.12130994359880497,58188.44951001366,1.9652511510213757e-08,0.03,3.1,18.852352
SNAD187,nugent-sn1bc,-21.79005171010001,2.0685493309196242e-09,0.2117131099184849,58280.86236664549,5.7712486535734995e-09,0.01,3.1,18.374603
SNAD187,nugent-sn2l,-20.803141311863207,2.0955327949376627e-09,0.1402346485559274,58327.313975349425,2.8074177627461084e-08,0.01,3.1,18.374603
SNAD187,nugent-sn1a,-22.399576538095594,3.1213914000652684e-09,0.2713580371672198,58259.0733933907,1.108306735838939e-08,0.01,3.1,18.374603
SNAD187,nugent-sn2n,-24.608698267872434,3.3918894880631284e-09,0.6425286906575964,58260.33823092791,6.335020979151661e-09,0.01,3.1,18.374603
SNAD187,nugent-sn2p,-18.944426328321477,4.044148326720475e-09,0.06271595173928528,58266.95676262219,1.9728680469626087e-08,0.01,3.1,18.374603
SNAD188,nugent-sn2p,-20.480362465206806,1.901219767777102e-10,0.19265226893403622,58191.26461868905,4.4554931001257125e-09,0.01,3.1,19.455654
SNAD188,nugent-sn2l,-17.45692425866378,2.3240761280875994e-10,0.05238967330506592,58196.798644517374,8.851890092868894e-09,0.01,3.1,19.455654
SNAD188,nugent-sn2n,-17.16975310995952,2.3296708777213397e-10,0.04610590258996737,58197.95239526829,4.532163391471117e-09,0.01,3.1,19.455654
SNAD188,nugent-sn1a,-20.07650933851637,2.514478128346843e-10,0.16281673750572395,58194.15056037222,4.561376661068365e-09,0.01,3.1,19.455654
SNAD188,nugent-sn1bc,-17.04146651276884,2.7025275827125886e-10,0.04354099046121815,58201.02049491607,4.732847691193011e-09,0.01,3.1,19.455654
SNAD189,nugent-sn2p,-19.985186821249716,2.197359915595206e-10,0.19462813629342568,58230.291127087716,4.872885612711401e-09,0.01,3.1,19.97548
SNAD189,nugent-sn2n,-15.155384587871747,2.2808449519146462e-10,0.023549400593997596,58226.413025316775,5.2080193643084004e-09,0.01,3.1,19.97548
SNAD189,nugent-sn1a,-20.93811155739795,2.5339136385424827e-10,0.287014103611371,58222.96171130216,4.460365250552674e-09,0.01,3.1,19.97548
SNAD189,nugent-sn1bc,-19.679501492918153,2.7833780206326107e-10,0.17140193041792862,58226.37659297962,5.5840569116702145e-09,0.01,3.1,19.97548
SNAD189,nugent-sn2l,-19.155331781708835,2.9325370242866156e-10,0.1374739486279102,58232.21297518304,7.287690387133775e-09,0.01,3.1,19.97548
SNAD190,nugent-sn2l,-17.63765390668316,4.4291752291109285e-11,0.05723518525567961,58598.79570031016,1.2708283333754577e-08,0.04,3.1,19.47445
SNAD190,nugent-sn2n,-15.780585578927404,4.446933005680782e-11,0.024910190470366033,58595.185602607475,7.774953745633406e-09,0.04,3.1,19.47445
SNAD190,nugent-sn1a,-20.679343295216558,4.754643588135774e-11,0.2107695691632934,58591.25737727482,7.440036543819425e-09,0.04,3.1,19.47445
SNAD190,nugent-sn1bc,-18.984392730970253,5.130720057224346e-11,0.10313899575513504,58595.453739482924,8.68119905666133e-09,0.04,3.1,19.47445
SNAD190,nugent-sn2p,-17.32554839538008,6.183770552623879e-11,0.04983321240830628,58596.498327248344,6.440744331938685e-09,0.04,3.1,19.47445
SNAD191,nugent-sn2p,-18.630541113444647,6.211180083580222e-11,0.0867689860531082,58630.07013463005,9.840218302341925e-09,0.01,3.1,19.429295
SNAD191,nugent-sn2n,-21.499058106518643,6.248423481800387e-11,0.2887195932588773,58628.27916647278,5.606282328617857e-09,0.01,3.1,19.429295
SNAD191,nugent-sn1a,-21.544284843400124,6.263803110989544e-11,0.29400312461475475,58622.067429084826,7.520381419971213e-09,0.01,3.1,19.429295
SNAD191,nugent-sn2l,-18.287460386583955,6.882401733701281e-11,0.07469945848020505,58630.70053642269,1.3057126500054948e-08,0.01,3.1,19.429295
SNAD191,nugent-sn1bc,-18.39690812978402,2.098444056969325e-10,0.07836403287521146,58126.86909720458,4.125995057033962e-09,0.01,3.1,19.429295
SNAD192,nugent-sn1bc,-15.156349408142159,7.393213296605388e-11,0.016145615043369282,58577.73586227592,1.701438874836873e-08,0.03,3.1,19.142923
SNAD192,nugent-sn2n,-15.765189283027706,8.602588387126582e-11,0.02128909622158031,58579.49885737526,1.3474016746315923e-08,0.03,3.1,19.142923
SNAD192,nugent-sn1a,-18.346332017346317,8.820159551723455e-11,0.0675998971011367,58575.13668647991,1.4856470861151119e-08,0.03,3.1,19.142923
SNAD192,nugent-sn2l,-19.789471763998197,1.0529483194243952e-10,0.12635536279403542,58578.53965210514,1.9342410147197273e-08,0.03,3.1,19.142923
SNAD192,nugent-sn2p,-19.609616958967205,1.2129733274966843e-10,0.11701157443301295,58578.916651905754,1.4023345202775754e-08,0.03,3.1,19.142923
SNAD193,nugent-sn2n,-15.930600715030018,9.373774890461061e-11,0.02251691282232481,58549.1639463864,1.0838699904524857e-08,0.01,3.1,19.101248
SNAD193,nugent-sn2l,-16.0652099655655,9.422798200596767e-11,0.02393181487055957,58551.993948394236,2.0754994384149814e-08,0.01,3.1,19.101248
SNAD193,nugent-sn1a,-20.91034299877758,9.930176244933036e-11,0.1987695313709047,58544.57840579735,1.0820014816894597e-08,0.01,3.1,19.101248
SNAD193,nugent-sn1bc,-15.642192667649951,1.0709143248950852e-10,0.019756849005719244,58549.217354385124,1.3510897639558091e-08,0.01,3.1,19.101248
SNAD193,nugent-sn2p,-19.60482742948733,1.568022399742485e-10,0.11470554719900002,58549.17443962188,1.0308963769981197e-08,0.01,3.1,19.101248
SNAD194,nugent-sn2l,-16.767126595778798,4.6694728560439304e-11,0.032349403699469446,58547.49419321507,1.532970318534269e-08,0.03,3.1,19.067223
SNAD194,nugent-sn2n,-15.541900949442962,4.978424140437595e-11,0.01858799424638102,58537.61489811126,1.2106288793283964e-08,0.03,3.1,19.067223
SNAD194,nugent-sn1a,-20.96615524660581,5.7514164899485126e-11,0.20056615048063967,58536.59917196469,1.017505549366626e-08,0.03,3.1,19.067223
SNAD194,nugent-sn1bc,-20.693248923262203,6.694842421925122e-11,0.17910968858728998,58540.51247110787,1.1350347061239098e-08,0.03,3.1,19.067223
SNAD194,nugent-sn2p,-20.292935021205153,9.32065017581879e-11,0.15146441937994728,58544.94805143568,8.041518066244295e-09,0.03,3.1,19.067223
SNAD195,nugent-sn2l,-16.892340144718847,5.967694715325732e-11,0.03825229016278746,58609.767606075824,1.5343043300500295e-08,0.02,3.1,19.31529
SNAD195,nugent-sn2n,-20.283227100800293,5.99439915016963e-11,0.16740401320750187,58606.97901684016,6.265752470962009e-09,0.02,3.1,19.31529
SNAD195,nugent-sn2p,-16.607110674435024,6.162797237724445e-11,0.03365598444953098,58608.89491697001,9.360453154756977e-09,0.02,3.1,19.31529
SNAD195,nugent-sn1a,-21.539243051402135,6.235412528236887e-11,0.2802830325234359,58602.02324611335,6.7477895773169625e-09,0.02,3.1,19.31529
SNAD195,nugent-sn1bc,-16.989367446628126,6.74296608364333e-11,0.039951138933862394,58607.49029731818,7.857690171879903e-09,0.02,3.1,19.31529
SNAD196,nugent-sn2n,-16.399638002826233,8.538944031745566e-11,0.02580887121880674,58578.934939481245,7.727721502881817e-09,0.01,3.1,18.933798
SNAD196,nugent-sn1a,-21.82983501484001,8.599830672914766e-11,0.2702062355792303,58572.96983231772,7.1197480585354105e-09,0.01,3.1,18.933798
SNAD196,nugent-sn2l,-19.711875383313217,8.675125020149623e-11,0.11177176942594978,58579.25404456448,1.2037882252743243e-08,0.01,3.1,18.933798
SNAD196,nugent-sn1bc,-20.22514923021411,9.272368573781297e-11,0.13912278458951238,58576.39621089338,8.700263355854444e-09,0.01,3.1,18.933798
SNAD196,nugent-sn2p,-20.963669168732107,1.1044474710596687e-10,0.18959952052531023,58578.924340971425,7.17599716967358e-09,0.01,3.1,18.933798
SNAD197,nugent-sn2l,-16.406410982212233,6.59170903444197e-11,0.02697709850024342,58631.98808089866,1.5879793480274336e-08,0.02,3.1,19.025026
SNAD197,nugent-sn2n,-16.757769056188632,6.74041907070633e-11,0.0316075547872793,58628.700468119714,1.0283271140373315e-08,0.02,3.1,19.025026
SNAD197,nugent-sn1a,-21.87450422891408,7.263923314234789e-11,0.28539813926873375,58622.505074629604,7.81216019705148e-09,0.02,3.1,19.025026
SNAD197,nugent-sn1bc,-16.661608648533427,7.996596928922637e-11,0.03026807074727794,58628.03540906991,9.065884429064052e-09,0.02,3.1,19.025026
SNAD197,nugent-sn2p,-16.70250479520516,8.290609817083566e-11,0.0308308096742484,58630.392442084565,8.536224094033174e-09,0.02,3.1,19.025026
SNAD198,nugent-sn2n,-18.804666241803325,5.6657734263658714e-11,0.09384678860648067,58604.264543478275,3.6246058929162886e-09,0.02,3.1,19.435766
SNAD198,nugent-sn1a,-21.522642056160592,5.693952059045799e-11,0.29222087425723486,58598.842283758226,4.3976856287630135e-09,0.02,3.1,19.435766
SNAD198,nugent-sn2l,-20.468790438467344,5.74029678194145e-11,0.19015754164029366,58606.64546370415,8.017294648815509e-09,0.02,3.1,19.435766
SNAD198,nugent-sn1bc,-20.491223844456705,6.214841791954919e-11,0.1919333905929213,58603.14002041317,5.7208185550551675e-09,0.02,3.1,19.435766
SNAD198,nugent-sn2p,-20.612110078050954,6.253667849448246e-11,0.20176997948353337,58604.65584502369,4.676161601437276e-09,0.02,3.1,19.435766
SNAD199,nugent-sn2l,-19.51177452319945,1.2152558664884328e-10,0.09240720788276677,58624.04593366146,1.3591073089450608e-08,0.03,3.1,18.692999
SNAD199,nugent-sn2n,-20.05982161151509,1.2339245632915574e-10,0.11702563487396477,58614.03074929103,8.60750444185312e-09,0.03,3.1,18.692999
SNAD199,nugent-sn1a,-22.676540526486058,1.30872633012754e-10,0.3442081994085047,58613.46403536077,8.450118741898532e-09,0.03,3.1,18.692999
SNAD199,nugent-sn1bc,-20.941733739229548,1.3970249313806534e-10,0.16995813997130013,58618.569400014996,1.0049209048014676e-08,0.03,3.1,18.692999
SNAD199,nugent-sn2p,-20.88127476240585,1.447812399815177e-10,0.16571422616805392,58623.03065473263,9.666226851755672e-09,0.03,3.1,18.692999
SNAD200,nugent-sn2n,-16.63234597707326,5.535319218183843e-11,0.033591680059120936,58537.62710829951,1.1104924080468234e-08,0.08,3.1,19.2858
SNAD200,nugent-sn2l,-16.379489768382516,5.6619950975040334e-11,0.029978368466096323,58550.504350631585,1.4667398596891531e-08,0.08,3.1,19.2858
SNAD200,nugent-sn1a,-21.383085372730708,6.374196154923555e-11,0.2600586501255217,58541.583504402995,7.210139161523954e-09,0.08,3.1,19.2858
SNAD200,nugent-sn1bc,-20.504426587361497,7.012322330078403e-11,0.18134119009335412,58547.19467984157,7.588155708205534e-09,0.08,3.1,19.2858
SNAD200,nugent-sn2p,-17.705441430300535,7.591183549042364e-11,0.054250740822153094,58542.4696408126,6.274054586981084e-09,0.08,3.1,19.2858
SNAD201,nugent-sn2n,-21.385651293172568,4.437997462182492e-11,0.29128198529739097,58563.99194936931,3.951364896629232e-09,0.02,3.1,19.56473
SNAD201,nugent-sn1a,-21.31759288826439,4.699740703797077e-11,0.28343201794561884,58558.81703861382,5.197224650626399e-09,0.02,3.1,19.56473
SNAD201,nugent-sn2l,-19.442754928020268,4.850075570338532e-11,0.130460091774801,58565.045477312204,9.93173807367899e-09,0.02,3.1,19.56473
SNAD201,nugent-sn1bc,-20.123587581348676,5.042692071146343e-11,0.17380372480329573,58562.7060323554,6.101757857142803e-09,0.02,3.1,19.56473
SNAD201,nugent-sn2p,-19.143968168114707,5.144612361172066e-11,0.11483456513588335,58565.09829156524,6.197293292791373e-09,0.02,3.1,19.56473
SNAD202,nugent-sn2l,-19.850323526375533,9.332649917651008e-11,0.15997199187757144,59178.812591317466,2.6599661931808917e-09,0.04,3.1,19.639812
SNAD202,nugent-sn1bc,-19.495894248865888,9.383240092559405e-11,0.13775946144597645,59124.870975386664,4.402675184072055e-11,0.04,3.1,19.639812
SNAD202,nugent-sn2p,-19.739682717898837,9.590849500873684e-11,0.15270280203909342,59262.39653836515,-4.6346307119710105e-10,0.04,3.1,19.639812
SNAD202,nugent-sn2n,-20.98486130946575,1.2937138739536208e-10,0.25544457176490837,58602.77065790776,3.5566700527744753e-09,0.04,3.1,19.639812
SNAD202,nugent-sn1a,-21.303677132769046,1.308972210815149e-10,0.2904780260802957,58599.83764172231,4.9355279599535325e-09,0.04,3.1,19.639812
SNAD203,nugent-sn2l,-17.725863098571896,4.474540215323179e-11,0.06074686644856186,58601.689391016625,9.556563236660318e-09,0.03,3.1,19.520903
SNAD203,nugent-sn2n,-15.58105092532865,4.5370897712945227e-11,0.02324321373941504,58600.575598405936,5.6899330848134745e-09,0.03,3.1,19.520903
SNAD203,nugent-sn1a,-20.834195143263234,4.7247065712311524e-11,0.228903872610415,58595.128265596926,5.600578985375547e-09,0.03,3.1,19.520903
SNAD203,nugent-sn1bc,-18.164321833465575,4.9190120926617744e-11,0.07367451759252236,58599.58492787246,6.6667546676007365e-09,0.03,3.1,19.520903
SNAD203,nugent-sn2p,-20.3177103516412,5.7426991738749865e-11,0.18502516109730208,58601.194306451085,5.098904312982236e-09,0.03,3.1,19.520903
SNAD204,nugent-sn2n,-17.460034210893724,5.132144354967446e-11,0.05109224905558031,58583.2306125485,7.64616369994023e-09,0.04,3.1,19.544186
SNAD204,nugent-sn1a,-21.566778213701035,5.537560291500795e-11,0.2927437806644709,58578.02289902197,6.840829496134643e-09,0.04,3.1,19.544186
SNAD204,nugent-sn2l,-19.214550718448294,5.5544422524434385e-11,0.11010276936215706,58587.57090005777,1.2300770826275913e-08,0.04,3.1,19.544186
SNAD204,nugent-sn1bc,-20.453501406517432,6.112983106586794e-11,0.18587058405912554,58582.05633693584,8.057907894631916e-09,0.04,3.1,19.544186
SNAD204,nugent-sn2p,-20.482363886960677,7.444168709665909e-11,0.18811039900579182,58583.28089118112,6.356455325044179e-09,0.04,3.1,19.544186
SNAD205,nugent-sn2n,-15.797489613377266,5.026872567837734e-11,0.024652833130394552,58570.112439772056,8.895390257586431e-09,0.03,3.1,19.434582
SNAD205,nugent-sn1a,-20.59257269165996,5.1695208669535006e-11,0.20005141755164133,58566.086088843585,8.103432926890349e-09,0.03,3.1,19.434582
SNAD205,nugent-sn2l,-19.39714273207307,5.7740232002489107e-11,0.12104234182192361,58572.74717273067,1.255757936067248e-08,0.03,3.1,19.434582
SNAD205,nugent-sn1bc,-20.225022297864072,5.93350585174472e-11,0.17173314248020052,58568.42013788458,9.167848836313022e-09,0.03,3.1,19.434582
SNAD205,nugent-sn2p,-19.443140587713877,8.51436191120191e-11,0.12344336383056007,58571.08111049278,7.470577725147125e-09,0.03,3.1,19.434582
SNAD206,nugent-sn2n,-21.722279171057792,7.395483104522627e-11,0.29758119584778747,58628.81059499403,6.976670212978989e-09,0.1,3.1,19.281506
SNAD206,nugent-sn2p,-17.06794680653949,7.463760362343562e-11,0.040760036892256164,58629.96073508266,1.1742724900053454e-08,0.1,3.1,19.281506
SNAD206,nugent-sn1a,-21.558876604921416,9.128741480029576e-11,0.27869198359414843,58623.9754674486,9.184876976937978e-09,0.1,3.1,19.281506
SNAD206,nugent-sn1bc,-20.33626374972176,1.0404359233872376e-10,0.16875734056409047,58627.41105453887,1.1005152534717512e-08,0.1,3.1,19.281506
SNAD206,nugent-sn2l,-19.773280007427253,1.0718785090109404e-10,0.13310960042833622,58629.25874195993,1.370512785388157e-08,0.1,3.1,19.281506
SNAD207,nugent-sn2n,-17.913794939135574,1.5074776634996814e-10,0.0479014305643981,58583.70468294729,1.272112819920727e-08,0.03,3.1,18.79736
SNAD207,nugent-sn2l,-18.103469189653627,4.2322953788079503e-10,0.052117057907153354,59539.03578607042,1.2794900651818704e-08,0.03,3.1,18.79736
SNAD207,nugent-sn1a,-20.999792281897303,4.2417116215721026e-10,0.18186428034596908,59529.62004790991,9.717792067199086e-09,0.03,3.1,18.79736
SNAD207,nugent-sn1bc,-20.26093973422442,4.243521622411521e-10,0.13330841592176143,59532.3149654577,9.047074450551946e-09,0.03,3.1,18.79736
SNAD207,nugent-sn2p,-20.11601355361771,4.267351973508802e-10,0.12533499801121673,59537.44524014054,6.333298435698531e-09,0.03,3.1,18.79736
SNAD208,nugent-sn1a,-20.712560708935683,1.1430490093490995e-10,0.2038544712975602,59139.518229232395,1.6762229121128337e-09,0.03,3.1,19.360231
SNAD208,nugent-sn2n,-20.275603369656302,1.145574839033439e-10,0.17003639760692538,59152.52602729379,3.168577871675068e-09,0.03,3.1,19.360231
SNAD208,nugent-sn2p,-20.36830734627131,1.6087155113588226e-10,0.1767431355359139,58565.358960986414,5.0469045715439495e-09,0.03,3.1,19.360231
SNAD208,nugent-sn1bc,-19.835633014818242,1.7171273773339285e-10,0.1413143066821142,58556.226184599545,7.0548302335146426e-09,0.03,3.1,19.360231
SNAD208,nugent-sn2l,-17.7775341190654,1.7641185803532174e-10,0.05788891668672917,58559.37327030742,1.061137860670518e-08,0.03,3.1,19.360231
SNAD209,nugent-sn2n,-15.389009040771079,6.708560011754923e-11,0.01713338271307722,58561.40108117503,1.316380458395601e-08,0.04,3.1,19.04081
SNAD209,nugent-sn1a,-20.846767523666827,7.3245202152943e-11,0.18882360555213867,58556.373019434344,1.2175632107248185e-08,0.04,3.1,19.04081
SNAD209,nugent-sn2l,-19.787454162909192,8.107388779009894e-11,0.1208634921304699,58564.31277007285,2.0888525149938222e-08,0.04,3.1,19.04081
SNAD209,nugent-sn1bc,-20.542572475226002,9.202930056313214e-11,0.166347244622895,58559.780819075444,1.3683954997099811e-08,0.04,3.1,19.04081
SNAD209,nugent-sn2p,-19.709050088745073,1.5206944557189862e-10,0.11687739540546706,58561.51461588515,1.1160517850530384e-08,0.04,3.1,19.04081
SNAD210,nugent-sn2l,-15.65325032168651,5.959562250204669e-11,0.023031642441303884,58566.17375335362,1.4064700585063794e-08,0.03,3.1,19.428507
SNAD210,nugent-sn2n,-17.455010669120202,5.963457607916695e-11,0.05171787447839211,58564.84217112657,7.2013614403145915e-09,0.03,3.1,19.428507
SNAD210,nugent-sn1a,-20.570925118107585,6.179231562930135e-11,0.19777337016069602,58561.26964633697,6.675450735287097e-09,0.03,3.1,19.428507
SNAD210,nugent-sn1bc,-20.161848778018165,6.620539139439823e-11,0.166833379528616,58564.88426547283,7.067976974451592e-09,0.03,3.1,19.428507
SNAD210,nugent-sn2p,-16.229300354215294,6.956062923655798e-11,0.029877458047117854,58565.82967458161,7.099574335945873e-09,0.03,3.1,19.428507
SNAD211,nugent-sn1a,-20.227433494500822,1.4716252285524867e-10,0.15749600801698865,58409.03384835641,1.3901598498504226e-08,0.05,3.1,19.72084
SNAD211,nugent-sn2n,-20.227467293722682,1.518269635823377e-10,0.1574982443641683,58412.01265663774,1.3063711021402571e-08,0.05,3.1,19.72084
SNAD211,nugent-sn2l,-20.22736302441556,1.6627407522874516e-10,0.15749134541375046,59284.32646517831,1.4352816998753923e-08,0.05,3.1,19.72084
SNAD211,nugent-sn1bc,-20.227377527238254,2.5800584288125014e-10,0.1574923049722252,59278.2720538939,1.5973371549894828e-08,0.05,3.1,19.72084
SNAD211,nugent-sn2p,-20.227424866750887,2.7332172294100567e-10,0.15749543716112221,59284.329439726054,1.4267994051003808e-08,0.05,3.1,19.72084
SNAD212,nugent-sn2l,-16.859206997473535,6.504516773855803e-11,0.04237397244845867,58580.77952254112,7.508233174480787e-09,0.01,3.1,19.577095
SNAD212,nugent-sn1bc,-20.091673688264372,6.966065102389702e-11,0.17239150564716582,58577.572552818856,4.7997265945179396e-09,0.01,3.1,19.577095
SNAD212,nugent-sn2p,-20.474764754909607,7.879954594711153e-11,0.20210193279894376,58580.360451403394,4.051381104651875e-09,0.01,3.1,19.577095
SNAD212,nugent-sn2n,-20.2226206817406,1.089410397867389e-10,0.1820582457076419,59464.96896537049,1.9569567484147493e-09,0.01,3.1,19.577095
SNAD212,nugent-sn1a,-20.877034352543426,1.0906282503730131e-10,0.23834345490917985,59458.87006587919,2.2071200222302657e-09,0.01,3.1,19.577095
SNAD213,nugent-sn2l,-17.965153748850952,4.408976228899461e-11,0.06240911892691853,58571.6842364566,1.0551712543014017e-08,0.04,3.1,19.34276
SNAD213,nugent-sn2n,-15.346436850982663,4.694171291019104e-11,0.019276328302042626,58567.68998718628,7.238541776285157e-09,0.04,3.1,19.34276
SNAD213,nugent-sn1a,-20.789390733182998,4.7650005947019445e-11,0.20890103202772278,58561.985842449045,6.7965806686107175e-09,0.04,3.1,19.34276
SNAD213,nugent-sn1bc,-20.39629660499603,5.324116951124195e-11,0.17751940527139326,58565.413639750615,7.750692727522386e-09,0.04,3.1,19.34276
SNAD213,nugent-sn2p,-20.511807997810784,7.317477335906615e-11,0.18625501074077327,58569.6798491494,5.6315391286576e-09,0.04,3.1,19.34276
SNAD214,nugent-sn2n,-16.331387742963926,1.0095457805818835e-10,0.03879701186145228,58601.898134823874,3.829993804594395e-09,0.02,3.1,19.907803
SNAD214,nugent-sn1bc,-19.790811711763624,1.0367168903859051e-10,0.17455190555077513,58599.22816685705,4.504682933029236e-09,0.02,3.1,19.907803
SNAD214,nugent-sn1a,-20.86702312660651,1.0479566183673355e-10,0.27142879884576093,58595.86181934111,3.832638633262127e-09,0.02,3.1,19.907803
SNAD214,nugent-sn2p,-19.649933036684466,1.0715043479500005e-10,0.16457064392244894,58601.79133378036,3.679704446096872e-09,0.02,3.1,19.907803
SNAD214,nugent-sn2l,-17.819700889376605,1.0862096751060521e-10,0.07505195903251703,58603.037986371586,6.2430235129563765e-09,0.02,3.1,19.907803
SNAD215,nugent-sn1a,-20.53354736238881,1.3205323844506473e-10,0.20318684104469692,58611.41946188273,4.602881714503257e-09,0.02,3.1,19.53129
SNAD215,nugent-sn2n,-15.541181511587155,1.3430443918774304e-10,0.022935005008909975,58613.3755412184,5.46581147743194e-09,0.02,3.1,19.53129
SNAD215,nugent-sn1bc,-19.043038384410558,1.360446716443487e-10,0.10839763764334331,58616.38294630431,5.120902316093161e-09,0.02,3.1,19.53129
SNAD215,nugent-sn2p,-18.141371097663573,1.3833853720174319e-10,0.07326987804490331,58620.270070535065,5.012987489227018e-09,0.02,3.1,19.53129
SNAD215,nugent-sn2l,-15.522905614551505,1.3867864105326652e-10,0.022745971547055148,58619.70069948958,8.259179180907744e-09,0.02,3.1,19.53129
SNAD216,nugent-sn1a,-21.199290870836887,5.47787318368277e-11,0.2799211296334821,58634.15745308287,4.362016416660933e-09,0.01,3.1,19.65203
SNAD216,nugent-sn2l,-18.475114886922857,5.535843083771404e-11,0.08934544014914646,58640.677082610986,6.819098462010532e-09,0.01,3.1,19.65203
SNAD216,nugent-sn2n,-15.352863456599056,5.537252652316711e-11,0.022243636834009477,58639.72800627041,4.568815980381504e-09,0.01,3.1,19.65203
SNAD216,nugent-sn1bc,-17.847836598252695,5.569492977227068e-11,0.06791615057024514,58638.34104749779,5.517921841685959e-09,0.01,3.1,19.65203
SNAD216,nugent-sn2p,-20.233968693100717,6.048052066421999e-11,0.18870000735912476,58640.35864831568,5.101705157112109e-09,0.01,3.1,19.65203
SNAD217,nugent-sn2l,-19.553936736515624,1.330232685674849e-10,0.09029780643674071,58571.12651796998,1.8489361909910873e-08,0.05,3.1,18.597622
SNAD217,nugent-sn2n,-15.199511613091971,1.426372918619284e-10,0.012844065905404317,58569.01138556812,1.3181285726108238e-08,0.05,3.1,18.597622
SNAD217,nugent-sn1a,-22.44248715120895,1.497753659561023e-10,0.3019371169337839,58562.144284195434,1.1436488509096503e-08,0.05,3.1,18.597622
SNAD217,nugent-sn1bc,-21.10332158325246,1.6810317521188828e-10,0.1747215334911423,58565.8780705588,1.411159695959896e-08,0.05,3.1,18.597622
SNAD217,nugent-sn2p,-21.35736899310149,2.1400793795954578e-10,0.194171530976854,58569.350268005444,1.1516737608679883e-08,0.05,3.1,18.597622
SNAD218,nugent-sn2l,-16.49857045981388,4.570960958789821e-11,0.03537378326446648,58639.04899292549,7.721749178546575e-09,0.04,3.1,19.534643
SNAD218,nugent-sn1bc,-15.125328495096571,4.6581291481780166e-11,0.01902223142575338,58636.33463528063,5.896441863077442e-09,0.04,3.1,19.534643
SNAD218,nugent-sn1a,-17.59551824154455,4.779676757577029e-11,0.05769445738972446,58633.38078362863,5.290205343693259e-09,0.04,3.1,19.534643
SNAD218,nugent-sn2n,-15.961721193430773,4.925615563850003e-11,0.027779485403912833,58637.537442780485,4.384510546886203e-09,0.04,3.1,19.534643
SNAD218,nugent-sn2p,-17.27387406426482,5.190418339990486e-11,0.05002235449258251,58637.7650482589,4.555191230336878e-09,0.04,3.1,19.534643
SNAD219,nugent-sn2p,-23.295685550118854,5.159938471725705e-10,0.3871450609322102,58775.56597816789,2.2613277398768232e-09,0.03,3.1,18.372313
SNAD219,nugent-sn2l,-21.120965854893328,5.172987807871446e-10,0.1601831436577619,58826.69469924773,3.5918759372354783e-09,0.03,3.1,18.372313
SNAD219,nugent-sn1a,-23.17797479933064,5.173709260757001e-10,0.3696532609229205,58765.596342286895,1.3879928291388788e-09,0.03,3.1,18.372313
SNAD219,nugent-sn1bc,-21.564147013156067,5.176878214938393e-10,0.19268765718070957,58898.13047580503,1.1099707612237059e-09,0.03,3.1,18.372313
SNAD219,nugent-sn2n,-22.645425086494946,8.196286507534259e-10,0.2992475244772765,58968.208991603744,7.997597934665827e-09,0.03,3.1,18.372313
SNAD220,nugent-sn2n,-19.31460414551456,2.954094214508405e-10,0.09122661513781845,58231.25655385775,8.625693128371458e-09,0.03,3.1,18.86053
SNAD220,nugent-sn1bc,-20.831915622234977,3.017409436132169e-10,0.17410330644250022,58232.98661609503,9.756963539835737e-09,0.03,3.1,18.86053
SNAD220,nugent-sn1a,-22.206453595195452,3.0911923760983566e-10,0.3051975364825153,58229.14042662885,8.548971577148032e-09,0.03,3.1,18.86053
SNAD220,nugent-sn2p,-18.397485085086142,3.1276741677782234e-10,0.06104942833752599,58236.115959416114,1.0095518057179793e-08,0.03,3.1,18.86053
SNAD220,nugent-sn2l,-18.48998932899808,3.167026607248112e-10,0.06359309446427021,58238.49778706041,1.640975967687039e-08,0.03,3.1,18.86053
SNAD221,nugent-sn2n,-25.1465722336214,1.6081713280968203e-09,0.6356016458869903,58269.17890980429,1.6651964486938305e-08,0.05,3.1,17.808155
SNAD221,nugent-sn1a,-23.3051872783483,1.7444187236914587e-09,0.3108980319848369,58265.381219926574,2.9202142287442402e-08,0.05,3.1,17.808155
SNAD221,nugent-sn1bc,-22.410027287322436,1.8243635819041068e-09,0.21642034594881024,58268.197167029466,3.3365173446560085e-08,0.05,3.1,17.808155
SNAD221,nugent-sn2p,-16.4704978931575,1.844932552234219e-09,0.015994832722922434,58270.91055056322,3.364797173369973e-08,0.05,3.1,17.808155
SNAD221,nugent-sn2l,-21.365539343137804,1.9031948767000673e-09,0.13999438922462915,58272.22654387759,5.5903461200434286e-08,0.05,3.1,17.808155
SNAD222,nugent-sn2n,-16.80427410986663,1.9862874265197148e-10,0.034340939106531514,58213.95077579987,6.585328072175866e-09,0.01,3.1,19.16296
SNAD222,nugent-sn1a,-21.71283211926153,2.191151033989739e-10,0.2826890764225401,58209.23879143239,6.319924501544234e-09,0.01,3.1,19.16296
SNAD222,nugent-sn1bc,-20.396520403491525,2.3939329008670395e-10,0.16469091953247467,58213.690007677316,7.969993451307112e-09,0.01,3.1,19.16296
SNAD222,nugent-sn2p,-20.38031030692071,2.5623948362327483e-10,0.1635763629640627,58215.41425036548,6.197485718669625e-09,0.01,3.1,19.16296
SNAD222,nugent-sn2l,-20.084148945792574,2.7203103387605955e-10,0.14440993626663082,58217.736002510144,1.0231113579959373e-08,0.01,3.1,19.16296
SNAD223,nugent-sn1a,-20.770842708366402,2.549167220163726e-10,0.20433548255503503,58213.639105824026,6.793430029779851e-09,0.02,3.1,19.307665
SNAD223,nugent-sn2n,-18.324866435138325,2.7067064004124794e-10,0.07199162409531633,58218.63225386461,6.984941152484681e-09,0.02,3.1,19.307665
SNAD223,nugent-sn1bc,-20.400260304138953,2.7078536228321604e-10,0.17523097842797344,58216.85931129976,7.757950500739891e-09,0.02,3.1,19.307665
SNAD223,nugent-sn2l,-18.732739139439218,2.9556284342430486e-10,0.08603841574127477,58221.59226663637,1.1650596640032658e-08,0.02,3.1,19.307665
SNAD223,nugent-sn2p,-19.20805797718456,3.0414839026486927e-10,0.10569816573842215,58221.10186593208,8.107555690481593e-09,0.02,3.1,19.307665
SNAD224,nugent-sn2n,-19.75765172593011,6.084347252196488e-11,0.11635563601780811,58276.49041871797,7.91363054153325e-09,0.07,3.1,18.98176
SNAD224,nugent-sn1a,-22.277332559432892,6.381112580253143e-11,0.32946472814803085,58270.36152214015,7.356826598066395e-09,0.07,3.1,18.98176
SNAD224,nugent-sn2l,-20.07611685369057,6.580015586153106e-11,0.1332844735597145,58276.4573622762,1.4064144401412898e-08,0.07,3.1,18.98176
SNAD224,nugent-sn1bc,-21.169661814455516,6.961538470092957e-11,0.2105640738477771,58272.95553938677,8.039914207169515e-09,0.07,3.1,18.98176
SNAD224,nugent-sn2p,-23.329713798865946,7.581429845513225e-11,0.497090016297598,58274.867974437424,8.018849489139635e-09,0.07,3.1,18.98176
SNAD225,nugent-sn2n,-15.747542123812334,6.132518101799563e-10,0.013773586549817071,58197.65579412805,1.4482841516897888e-08,0.03,3.1,18.202831
SNAD225,nugent-sn1bc,-21.649784929672254,6.68810693032772e-10,0.1861041316208336,58192.599237437775,1.7673141522336073e-08,0.03,3.1,18.202831
SNAD225,nugent-sn1a,-22.906441978573728,6.763446321253646e-10,0.3103937559129351,58190.28357281967,1.4113941405341778e-08,0.03,3.1,18.202831
SNAD225,nugent-sn2l,-21.967958143863317,7.332536428122913e-10,0.21224773611586598,58196.31707397877,2.5633908298559914e-08,0.03,3.1,18.202831
SNAD225,nugent-sn2p,-20.878714211673515,9.165766505467865e-10,0.13463072775806179,58171.4731899292,2.2916914913230387e-08,0.03,3.1,18.202831
SNAD226,nugent-sn2l,-17.923326888391575,6.191570983476982e-11,0.06953780756996082,58227.76897404376,8.686377237290854e-09,0.02,3.1,19.630219
SNAD226,nugent-sn2n,-16.940225408566075,6.338760059306391e-11,0.0449895267124091,58229.45127331118,4.251437736068883e-09,0.02,3.1,19.630219
SNAD226,nugent-sn1a,-21.32919233848995,6.920511117861868e-11,0.29233842355678014,58228.54333185832,3.8492885278679824e-09,0.02,3.1,19.630219
SNAD226,nugent-sn1bc,-20.248623574391655,7.315123665654234e-11,0.18814073224354286,58233.553266013456,4.790551465240225e-09,0.02,3.1,19.630219
SNAD226,nugent-sn2p,-20.26656535320691,7.844126052548625e-11,0.189545853889227,58234.76385542717,3.872445562087568e-09,0.02,3.1,19.630219
SNAD227,nugent-sn2n,-21.44876618463503,5.771479863069137e-11,0.2830200181560881,58166.00163357034,7.268503353020124e-09,0.01,3.1,19.429937
SNAD227,nugent-sn1a,-21.214686015285128,6.461916668733463e-11,0.25751715874083575,58180.885218142794,5.869131566157015e-09,0.01,3.1,19.429937
SNAD227,nugent-sn2l,-20.774590175749974,7.196666708037417e-11,0.21521041461172194,58188.501547296415,1.0689474861781125e-08,0.01,3.1,19.429937
SNAD227,nugent-sn1bc,-20.39004539812201,7.262860321860937e-11,0.18359853877488796,58184.456096397436,7.359214095493129e-09,0.01,3.1,19.429937
SNAD227,nugent-sn2p,-18.631042737425627,1.2230241787644622e-10,0.08681216551071966,58144.78113286205,1.4901630653266638e-08,0.01,3.1,19.429937
SNAD228,nugent-sn2l,-19.92187889248887,7.860272692508146e-11,0.15750496688975107,58963.47873104373,1.5981510838342915e-08,0.1,3.1,19.531242
SNAD228,nugent-sn1a,-19.921876242139497,8.660898135297017e-11,0.15750479151964508,58954.45865146985,1.18942121959467e-08,0.1,3.1,19.531242
SNAD228,nugent-sn2n,-19.921729844932834,1.0804810828962438e-10,0.1574951048929577,58960.4528469814,1.0539901863282227e-08,0.1,3.1,19.531242
SNAD228,nugent-sn1bc,-19.921708247239472,1.1144448696260316e-10,0.15749367589085433,58957.423061623704,1.7789644509547282e-08,0.1,3.1,19.531242
SNAD228,nugent-sn2p,-19.92168788940949,2.3761347146065255e-10,0.15749232893483567,58963.48029492517,1.590729719765097e-08,0.1,3.1,19.531242
SNAD229,nugent-sn2l,-22.72329303862596,6.765341946298461e-10,0.3299932818593361,58896.24138618282,2.172271255847345e-08,0.01,3.1,18.539837
SNAD229,nugent-sn2p,-22.72321290713179,9.691917346572102e-10,0.32998278411176124,58896.23928885338,2.16848639621624e-08,0.01,3.1,18.539837
SNAD229,nugent-sn1bc,-22.72324060171826,9.791210535345332e-10,0.3299864122481753,58883.24324406026,2.0185604027247547e-08,0.01,3.1,18.539837
SNAD229,nugent-sn1a,-22.723112021802102,1.2369744820974627e-09,0.32996956791378745,58881.08135038041,2.118475331403019e-08,0.01,3.1,18.539837
SNAD229,nugent-sn2n,-22.72326146261532,1.9956309831116387e-09,0.3299891451596037,58885.178742233955,2.177841708997383e-08,0.01,3.1,18.539837
SNAD230,nugent-sn1a,-21.031614084166726,2.0976013423048307e-10,0.20896065526775146,58267.0026624588,6.054492965332729e-09,0.01,3.1,19.10123
SNAD230,nugent-sn2n,-15.380870306162905,2.1090508738218486e-10,0.017545496530098726,58272.609764774505,6.410567584602439e-09,0.01,3.1,19.10123
SNAD230,nugent-sn1bc,-20.003847504982303,2.2343357833914246e-10,0.13598186007278804,58270.12482790018,7.056038946903149e-09,0.01,3.1,19.10123
SNAD230,nugent-sn2l,-17.3382573059381,2.314082291628119e-10,0.042434331989654295,58274.26685150035,1.0154061199765381e-08,0.01,3.1,19.10123
SNAD230,nugent-sn2p,-19.630484667885312,2.413600445103072e-10,0.11597267208505418,58272.88534357436,6.765127226183532e-09,0.01,3.1,19.10123
SNAD231,nugent-sn1a,-20.62221545028186,2.656001207434583e-11,0.2311893005336107,58208.23335321655,4.40304854179205e-09,0.01,3.1,19.7572
SNAD231,nugent-sn2l,-18.993269707215997,2.7285327536957083e-11,0.11690790579741145,58216.274963524746,6.67800390554073e-09,0.01,3.1,19.7572
SNAD231,nugent-sn1bc,-20.025732373026994,2.8424774025845417e-11,0.18079177481582898,58212.755425806856,5.343009985223362e-09,0.01,3.1,19.7572
SNAD231,nugent-sn2p,-19.546554100324034,3.092851161748979e-11,0.14790544624533328,58214.14243268423,4.261108813796709e-09,0.01,3.1,19.7572
SNAD231,nugent-sn2n,-20.701181097080042,1.7519741262032312e-10,0.23875664861584206,58180.06308102337,1.489430127657039e-08,0.01,3.1,19.7572
SNAD232,nugent-sn2l,-17.526073796137535,1.5094502489889813e-10,0.03450275039294473,58228.187974373315,3.479773198214492e-08,0.03,3.1,18.451624
SNAD232,nugent-sn2n,-16.21056296931693,1.5556656975511906e-10,0.019041377353001984,58227.738144764044,1.7897686297631967e-08,0.03,3.1,18.451624
SNAD232,nugent-sn1a,-21.692728710080242,1.951552887397611e-10,0.20995261418077515,58222.94755398749,1.77588510487433e-08,0.03,3.1,18.451624
SNAD232,nugent-sn1bc,-21.407352495251278,2.476898375928001e-10,0.18659616917704663,58224.909562076435,2.14217347592548e-08,0.03,3.1,18.451624
SNAD232,nugent-sn2p,-20.314515213903316,3.0169017569423725e-10,0.11769471638005045,58226.101838646115,1.627797878590489e-08,0.03,3.1,18.451624
SNAD233,nugent-sn2l,-17.391313390034625,4.958623916902426e-11,0.051788603326190626,58224.93358559679,1.2393473167018488e-08,0.05,3.1,19.495281
SNAD233,nugent-sn1bc,-16.677942694070794,5.740329274496636e-11,0.03766694192735948,58222.27323422146,7.697557173761017e-09,0.05,3.1,19.495281
SNAD233,nugent-sn2p,-19.30583812150234,7.916914370038308e-11,0.11946917263042046,58222.131672217285,4.284494343936355e-09,0.05,3.1,19.495281
SNAD233,nugent-sn1a,-20.340060114155712,1.1670509717444185e-10,0.18477385553932493,58433.823220590486,5.2964270768609454e-09,0.05,3.1,19.495281
SNAD233,nugent-sn2n,-19.58167321546484,1.5427362813636427e-10,0.13436860068346587,58422.636927395986,1.8109528717844058e-08,0.05,3.1,19.495281
SNAD234,nugent-sn2n,-17.818086165606665,7.994429927880901e-11,0.05706494914715724,58210.45313975066,5.002902798093401e-09,0.02,3.1,19.471
SNAD234,nugent-sn1a,-21.630360979176288,8.333536172115635e-11,0.28748207099059286,58205.672789790115,5.032637456937101e-09,0.02,3.1,19.471
SNAD234,nugent-sn2l,-19.488033446830137,8.475713734235649e-11,0.11815814616278274,58211.75003996275,8.274495677051897e-09,0.02,3.1,19.471
SNAD234,nugent-sn1bc,-20.66253715572664,8.911187142174829e-11,0.19375689536250093,58210.64050817592,6.140879128935703e-09,0.02,3.1,19.471
SNAD234,nugent-sn2p,-20.617412156446008,9.638764867619417e-11,0.19016894872236054,58211.306375391294,4.816795823172064e-09,0.02,3.1,19.471
SNAD235,nugent-sn2n,-21.204600199942842,5.1090352724091805e-11,0.29250262788639597,58192.40880690119,3.3913377925243508e-09,0.03,3.1,19.756212
SNAD235,nugent-sn1a,-19.908700375526973,5.3070712529802553e-11,0.17211418576848475,58189.83494594846,4.969307992702965e-09,0.03,3.1,19.756212
SNAD235,nugent-sn1bc,-15.447353463479548,5.630473520350652e-11,0.02433699733589548,58191.65179241786,5.827063479329567e-09,0.03,3.1,19.756212
SNAD235,nugent-sn2l,-19.45529883287796,5.7103159669750186e-11,0.1422528665911389,58195.550515017596,8.695078112123398e-09,0.03,3.1,19.756212
SNAD235,nugent-sn2p,-19.064497460938274,6.06263797023511e-11,0.12047391175505381,58193.8186938576,5.216476773885028e-09,0.03,3.1,19.756212
SNAD236,nugent-sn2n,-19.56065948336796,5.216176033302353e-10,0.06458839612842172,58187.08377260367,3.48275164581308e-08,0.03,3.1,17.82509
SNAD236,nugent-sn1a,-23.093620751770477,6.319441799492978e-10,0.28760450193249987,58185.65017798196,3.083582959781793e-08,0.03,3.1,17.82509
SNAD236,nugent-sn1bc,-21.71493050223093,8.35695343748333e-10,0.16335376245575378,58188.8440398935,3.8031766351578995e-08,0.03,3.1,17.82509
SNAD236,nugent-sn2l,-22.42814210211289,8.855465516348253e-10,0.21955479106722914,58193.25750401496,5.730247881700088e-08,0.03,3.1,17.82509
SNAD236,nugent-sn2p,-21.750429016134152,1.139214571834104e-09,0.16580063384814864,58192.60759769317,3.315884821112815e-08,0.03,3.1,17.82509
SNAD237,nugent-sn2n,-23.793277570938688,1.5673324027849855e-10,0.4626481144911111,58277.94771544802,1.1537071423430816e-08,0.07,3.1,18.332176
SNAD237,nugent-sn2l,-20.215266861827676,1.9128301695198063e-10,0.10715125723913996,58283.97103261174,3.705331800402934e-08,0.07,3.1,18.332176
SNAD237,nugent-sn1a,-22.892961660591613,2.2716658190530106e-10,0.32505037039739704,58276.89381849942,2.0689585986439736e-08,0.07,3.1,18.332176
SNAD237,nugent-sn1bc,-21.887468096348865,2.898864644425018e-10,0.21655024315276486,58281.53298817735,2.3469319593458483e-08,0.07,3.1,18.332176
SNAD237,nugent-sn2p,-23.086557200940394,3.052204942075556e-10,0.3509686144975811,58281.80090951733,1.9441070362455636e-08,0.07,3.1,18.332176
SNAD238,nugent-sn2l,-20.60387372971946,4.234865885028721e-10,0.1574996627059644,58244.38505384479,1.952520225065553e-08,0.02,3.1,19.269632
SNAD238,nugent-sn1bc,-20.603921603032667,5.824616411811305e-10,0.15750283035161,58235.32070283164,1.9581895172590903e-08,0.02,3.1,19.269632
SNAD238,nugent-sn1a,-20.603971982773864,6.325171901723224e-10,0.15750616390479616,58231.36409058752,2.0091288075750627e-08,0.02,3.1,19.269632
SNAD238,nugent-sn2p,-20.60405209366187,7.850463691581302e-10,0.15751146485946707,58244.38731568081,1.9416498084737097e-08,0.02,3.1,19.269632
SNAD238,nugent-sn2n,-20.60382152365547,8.11138738243391e-10,0.15749620844174092,58234.3405518048,1.88176878043791e-08,0.02,3.1,19.269632
SNAD239,nugent-sn2n,-17.615783307463527,1.2993091795317818e-10,0.060531694045277445,58294.570676798496,5.0623780845300416e-09,0.02,3.1,19.62295
SNAD239,nugent-sn1a,-21.26490294464752,1.3264260193824314e-10,0.28406252241384516,58288.19959592445,4.891261159198081e-09,0.02,3.1,19.62295
SNAD239,nugent-sn1bc,-20.17296116962635,1.327178858367497e-10,0.18177043768630177,58291.44618869759,5.778840107008497e-09,0.02,3.1,19.62295
SNAD239,nugent-sn2p,-17.200663754071872,1.3482062782200733e-10,0.050359258522550535,58294.67076303887,6.2300636799757604e-09,0.02,3.1,19.62295
SNAD239,nugent-sn2l,-19.22574448444505,1.4574998418912268e-10,0.12192298259283464,58293.99560773658,9.35955805998424e-09,0.02,3.1,19.62295
SNAD240,nugent-sn2n,-18.555375463769344,7.206344664769947e-11,0.07970259361802047,58240.73694961122,6.520975542176358e-09,0.03,3.1,19.30959
SNAD240,nugent-sn1a,-21.648699426175327,7.443101776812555e-11,0.2922069778828359,58234.428663939725,5.8808546645036275e-09,0.03,3.1,19.30959
SNAD240,nugent-sn1bc,-19.798184245894618,1.4505824285844997e-10,0.13613750464789512,58415.51870981113,3.6568436909447172e-09,0.03,3.1,19.30959
SNAD240,nugent-sn2l,-19.56554558128029,1.460335535019256e-10,0.12330714660982871,58408.56864409507,6.994892641819418e-09,0.03,3.1,19.30959
SNAD240,nugent-sn2p,-21.294073975452186,1.8173998896961155e-10,0.2532785118182897,58293.17174319947,4.980275577978367e-09,0.03,3.1,19.30959
SNAD241,nugent-sn1a,-21.64186763037642,5.2379764695114336e-11,0.2907713344764118,58208.71446013789,4.8965376454447335e-09,0.03,3.1,19.488697
SNAD241,nugent-sn2l,-18.998807691250402,5.324773626798547e-11,0.09642201227619758,58217.20960586177,7.695228986253541e-09,0.03,3.1,19.488697
SNAD241,nugent-sn1bc,-20.493557928288414,5.631470929411148e-11,0.18190540054400256,58212.94378541283,5.865726077898413e-09,0.03,3.1,19.488697
SNAD241,nugent-sn2p,-20.389032655611356,6.176388846142985e-11,0.17415597329591898,58214.6288070816,4.4876296306713364e-09,0.03,3.1,19.488697
SNAD241,nugent-sn2n,-20.203874469471142,9.463801025197361e-11,0.16117633077457802,58824.06715070277,2.7073531719282904e-09,0.03,3.1,19.488697
SNAD242,nugent-sn2p,-17.566930974976888,1.383058156178683e-10,0.04287121189267128,58269.474087787545,1.2777602151376743e-08,0.02,3.1,18.895481
SNAD242,nugent-sn2n,-24.016871910921406,1.4017642409269787e-10,0.6254593319238535,58265.463534771516,5.420397306451037e-09,0.02,3.1,18.895481
SNAD242,nugent-sn2l,-18.5158479791647,1.4162634058719467e-10,0.06532041564750415,58269.083375537906,1.4362317517286872e-08,0.02,3.1,18.895481
SNAD242,nugent-sn1a,-22.503464219545695,1.4425018142308703e-10,0.3482346895913587,58259.54452914311,9.042146781331216e-09,0.02,3.1,18.895481
SNAD242,nugent-sn1bc,-20.9266741337676,1.5593319933659994e-10,0.1837643841873316,58262.79865114664,9.994101072747583e-09,0.02,3.1,18.895481
SNAD243,nugent-sn2l,-20.365446194370925,3.0157893661538025e-10,0.1027641332961801,58205.974735841046,4.124473662519887e-08,0.03,3.1,18.084953
SNAD243,nugent-sn2n,-24.900114422846386,3.0456108680072e-10,0.6429591924053928,58200.82177317497,1.0979112607486778e-08,0.03,3.1,18.084953
SNAD243,nugent-sn2p,-20.762867680358568,3.104978919820046e-10,0.1218774900789569,58203.69964253047,2.9817381952093594e-08,0.03,3.1,18.084953
SNAD243,nugent-sn1a,-23.53386564442046,3.391081851183535e-10,0.3797460609233298,58196.75694089259,1.6892942082954843e-08,0.03,3.1,18.084953
SNAD243,nugent-sn1bc,-23.4435193147658,3.741673924241849e-10,0.3664927140143992,58201.27474487436,1.5813583566423533e-08,0.03,3.1,18.084953
SNAD244,nugent-sn2l,-19.623939933527875,7.067975242575404e-11,0.12373255353542285,58200.30295640031,1.2629293913966931e-08,0.05,3.1,19.259266
SNAD244,nugent-sn1bc,-20.412045032181073,7.730337835163782e-11,0.17257456072457195,58203.46205797442,7.881827173126257e-09,0.05,3.1,19.259266
SNAD244,nugent-sn2p,-19.465313043864523,9.22293090051664e-11,0.11561870254688815,58202.63724314563,6.9634801802779885e-09,0.05,3.1,19.259266
SNAD244,nugent-sn1a,-20.83697470793707,1.6240718424197736e-10,0.20583442964106843,59233.73327478907,8.014162495189704e-10,0.05,3.1,19.259266
SNAD244,nugent-sn2n,-20.78269033491853,1.6488854289981248e-10,0.20127762809527266,59239.55350517717,2.672682316877211e-09,0.05,3.1,19.259266
